phone_hash,first_seen_at
634ea255a78abc04,2026-01-27 20:57:16
9be4a6409730cb56,2026-01-05 06:35:06
1b7e86e8a21df1cd,2026-01-08 00:18:10
87ed74af8db9f589,2026-02-05 02:56:24
8860a16fc47b459e,2026-02-03 13:56:59
da4c77080fc7b038,2026-02-02 17:45:19
f9ff780db322b028,2026-01-10 05:30:11
8fce72289574dbdb,2026-01-31 02:04:30
c0774e9711f65a08,2026-01-04 14:19:01
4cf317b075b9f3f3,2026-01-09 12:05:35
caa363574e617566,2026-01-30 10:06:49
cbf8923510ffffea,2026-02-06 09:36:39
44cd284681dffd88,2026-02-08 16:00:32
8bdf1942211a2762,2026-02-27 22:26:27
c03a753733303d09,2026-02-20 09:28:22
da7238fde55a3318,2026-01-23 09:45:55
732e23d0a96f4a16,2026-02-16 04:29:43
255f2453d09304ed,2026-01-06 15:26:02
fe6873c7cb7112a3,2026-02-20 13:51:10
06db7ff4de102d46,2026-01-23 19:29:16
13f7b4f38642c8ad,2026-02-14 20:15:27
9954409cb3801d29,2026-02-27 06:24:56
405bd07ed2b08599,2026-02-11 11:47:13
175cf01ef55ccd7a,2026-02-24 07:03:56
7954b317697c4158,2026-01-01 14:21:17
b588c987dd1cf2f2,2026-01-11 01:30:16
c382f1ce54e40168,2026-02-06 22:33:39
cff0dc39e9795f80,2026-02-01 21:28:23
fb38844c64542a27,2026-01-08 02:36:08
5fc60e0f42e2efd7,2026-02-12 09:12:35
ef16aff5a3c04e11,2026-01-04 11:04:21
fd4a54c544f29249,2026-02-28 10:55:38
b7981d6c12ea5cd9,2026-01-10 05:28:46
62e6cb7d96142051,2026-01-27 06:47:06
6c3a9ebbbf017e51,2026-02-18 13:46:54
6e5e3de3dde0b6cb,2026-01-31 07:52:52
3c94aa38864589de,2026-02-13 21:17:27
ba8da1fab074af9c,2026-02-11 12:21:52
6c4d653b0990c044,2026-02-25 23:27:43
5298f59283023963,2026-01-28 08:57:13
a1ca1642a21df4e9,2026-02-27 18:13:50
d69c14ee35e51a2b,2026-01-31 11:44:12
2eefd4bd1086578b,2026-02-22 16:53:25
00843b28342ccbd2,2026-02-13 05:25:08
2af6af5577fd981c,2026-01-08 20:13:23
8882ba9447f4e42a,2026-02-07 23:22:56
37e9862f7edf46b4,2026-02-21 19:47:24
edaf495ce422b338,2026-01-08 13:46:47
5c9ae8af0b3a0202,2026-02-19 11:30:37
ca961ae208d7bf90,2026-01-07 05:18:08
664bf66ea8ebc6dd,2026-02-21 09:27:28
f3a0d10a3ca578f8,2026-02-16 13:05:40
2ecdee5389ab69ec,2026-01-09 22:47:12
9558d148855d9a5b,2026-02-12 20:40:20
86e1657028ee069a,2026-01-07 21:22:38
519c28190d22729e,2026-02-03 12:20:04
8adaf497b3c36e35,2026-02-24 12:06:49
a91b4c19a47881f1,2026-01-13 03:38:40
5cc96e8df5806fcc,2026-01-11 06:08:18
582e8fa354bd8b3b,2026-01-25 22:47:55
18bb4e8e65a7afce,2026-01-22 17:58:06
4e7f0ad2eba5b9cd,2026-01-03 20:38:07
5540d933286dc2fb,2026-01-27 21:40:28
53d0515458153ee2,2026-01-16 07:31:20
1cbef749c7bc5ab2,2026-01-08 08:12:38
0b5f27d323bab738,2026-01-17 06:51:58
bd95b527ff7e9b7c,2026-01-02 05:13:05
bf61accbaab627ac,2026-02-23 23:41:52
e4e230e129c7c4a2,2026-02-28 15:37:56
bad68dd3e0116c66,2026-01-22 16:33:16
5cce66c2623def9e,2026-02-21 17:20:48
4c2ca7553a72e3cd,2026-01-28 05:15:58
cca31138f05bfcd5,2026-02-23 19:52:14
73afe270492b086c,2026-01-11 05:09:15
a3ff1c1184e03431,2026-01-17 18:56:28
e2ab03e594e4a537,2026-02-13 15:35:38
a396b230b10d24da,2026-01-13 23:39:49
ce5d14f5ab8401ad,2026-02-18 14:07:53
50ce1b0122aa73f4,2026-01-26 03:01:37
c987b05b8ec605a6,2026-01-24 19:55:02
b1046aca6ff597e8,2026-01-27 17:54:01
f0c80834142c035c,2026-02-17 01:46:38
cee3f3e0cd4975d9,2026-01-01 07:55:43
04d43eb8410ad5ed,2026-02-14 06:58:33
c0c943edeae8304f,2026-02-15 23:25:21
2dca6659135888d5,2026-02-18 10:44:50
c7be05bbe25d01b2,2026-02-28 19:16:50
acdd049c6d9e5885,2026-02-16 03:40:41
76cf419b54b6fe0e,2026-02-01 04:37:35
944e711051749239,2026-01-28 12:01:16
e748944d55bc2daf,2026-01-23 21:46:27
21e1af4c9734d4aa,2026-02-18 19:14:54
cb824d9d589f1aca,2026-01-24 04:08:12
c74cad4e022f1fbb,2026-02-03 18:51:39
be8a6873d77ba33a,2026-01-06 16:02:42
3e457ed18c4cf911,2026-01-19 17:19:47
60c825272a1cc9ec,2026-01-16 16:53:06
f4a6b17301a9a28f,2026-01-26 15:59:27
1957b6c2d66f40af,2026-01-30 15:01:12
ff2e6ebabb94c619,2026-02-12 06:33:32
2d8329f5a0d5ee70,2026-01-26 11:29:48
461dbcbb80dc24cd,2026-01-09 20:52:21
4a0fa9fac33d2d5b,2026-02-02 03:46:09
fb1525750c0f44dc,2026-01-04 05:26:21
e2163c6f6453a92f,2026-02-20 02:16:37
907b7728d27a1313,2026-02-15 11:07:18
a465a0d519fd2142,2026-01-14 06:56:35
996d02922f976ce3,2026-01-16 12:44:41
7940a9cf979620b7,2026-01-02 15:10:20
8f37ba6a217652ed,2026-01-22 12:00:12
589db8e7e286278c,2026-01-03 06:07:38
130e60b1f6f44990,2026-02-25 05:52:10
c733b7db2c69fe18,2026-01-08 21:58:59
1352ed04b68fa87c,2026-02-08 21:40:24
ce3ce89d7932d69f,2026-02-03 15:48:14
274a62b0290531f1,2026-01-14 23:23:34
9dba6ace9f3db6f7,2026-02-17 16:23:23
20895c50fca95748,2026-01-07 10:09:59
52d56e234fd7b7a8,2026-02-22 07:43:02
1583f1543347ad3f,2026-02-13 16:19:39
d23570e79a4e128e,2026-02-07 11:19:13
217195ff2e6cd302,2026-02-21 21:35:52
b1940097bd3ff4bf,2026-01-24 18:51:03
7553b6ad609af0d9,2026-01-17 14:47:56
696e3e435307ccbb,2026-01-10 02:47:34
9a0b6b5898d608c4,2026-02-24 12:54:28
12170b16f69d1b44,2026-01-24 16:24:30
f8c9eeb445afecae,2026-02-18 22:25:05
4133b78e3182ef42,2026-01-20 14:41:59
810b8d8995b53dcb,2026-02-26 08:16:44
9a2003125984322c,2026-02-21 07:57:24
2a35f338da296742,2026-01-19 04:11:02
27c4ccc1a3a7ddf9,2026-01-29 17:11:41
4254f60b119f0643,2026-02-16 20:17:20
0f104190a58720d6,2026-01-14 08:17:36
fd08b57555d1b661,2026-01-02 09:32:21
2b0880942a074cf6,2026-01-18 00:56:32
df65501d1d843535,2026-02-04 20:16:24
e82fb25ccd4f2187,2026-01-09 01:14:30
ba473249eb89f7d6,2026-01-20 16:05:02
dc00f080ac6500cb,2026-02-24 04:43:02
5648e02f433f8b83,2026-01-05 10:18:34
ab7b2cc57fa829c9,2026-01-03 23:17:23
164497b6ff053c06,2026-01-26 00:10:33
3b58fffd8c9562e3,2026-01-01 18:11:25
17c013f42fd9cc82,2026-01-02 15:23:31
3ec6645df0dd6f58,2026-01-11 19:06:44
b66b9875c1d6f39d,2026-01-07 00:47:39
de2a255ee2942c9d,2026-02-17 20:11:52
dec2eeac78975ed6,2026-01-08 05:44:57
c7241a29d60ee2f6,2026-01-31 21:13:44
ec2c3e9d12593718,2026-02-11 14:41:07
822a6747730b3c2b,2026-02-06 22:11:39
60874607c32e5b13,2026-02-08 13:52:40
09c7f32568d559cb,2026-01-22 02:32:53
130a9a7e4f930ef4,2026-02-22 10:36:24
3749e46547784df4,2026-01-05 01:14:52
3fd968af11434a4a,2026-01-07 07:57:35
fd2b2463ccdb75ec,2026-02-20 12:19:12
5dcbd70c726eb29c,2026-01-05 00:46:57
b257afc143b6a5be,2026-01-12 07:43:20
6119013fee362a7e,2026-01-11 05:12:47
257007ddbd2091f5,2026-01-02 22:48:42
0ca13d57c7f15ff9,2026-01-07 21:40:46
8b67de5ebe2651a2,2026-02-03 18:56:57
aa55555efe93919c,2026-02-09 00:15:25
5cfbcac3a8204295,2026-01-05 21:56:15
364e7b6e7282513c,2026-02-25 14:25:03
987b594a838f2524,2026-01-06 15:35:55
c2f752d7744c9257,2026-02-10 12:48:12
c9365d1fd4a8c206,2026-02-17 05:20:02
6d58d72fd23a7d2a,2026-01-31 17:25:38
b9718642003c51cd,2026-01-30 00:07:09
f916f1ea4891985f,2026-01-07 10:25:29
9abfc56012f65df2,2026-01-15 05:58:33
d6809ea4a73d0145,2026-02-20 04:25:37
9ebab71375ae6235,2026-01-21 13:39:18
46b441fc4489be50,2026-01-03 00:46:50
f9197421ef9b656a,2026-02-13 00:36:19
1dac6f806b0a276f,2026-02-10 08:03:19
c14798ce2ca0bd72,2026-01-04 21:57:26
308bedb8c6f0964e,2026-01-04 00:19:10
651a04497385debc,2026-01-07 20:56:11
2d2c43758f3fd1ce,2026-01-04 00:04:51
7a1b2c284b3914ca,2026-02-06 08:37:37
3f03de6853a802a0,2026-01-08 19:47:35
36d1e5f9d5f8b7e9,2026-02-05 19:28:19
9dbef2e840a02bb5,2026-01-11 09:24:47
4c4d042d046caa60,2026-02-27 09:00:24
d81f2da6f5bfe885,2026-02-12 19:54:17
3998fd1836afdc87,2026-01-23 02:21:43
a8eadab4c9f7285b,2026-01-26 07:03:20
33550e4d680162e7,2026-01-04 20:08:59
99bc73074910516e,2026-01-04 05:42:49
eb67336c0511c278,2026-02-01 17:09:11
067375e62af237f3,2026-01-02 08:13:30
4524153e76cca16f,2026-02-07 15:53:57
a58b6c89d18fafa5,2026-01-23 13:31:34
df74e51cbc5d5e11,2026-01-09 05:40:39
6f0bb5505a4cc53b,2026-02-01 14:32:02
87e9ec7f32b01560,2026-02-02 14:51:09
b052a3f2c1551f79,2026-02-14 00:45:39
92e509e2d87271ea,2026-01-12 16:02:17
8c361c55cd8df6ff,2026-02-02 07:05:03
479a24882d0f3c4f,2026-02-19 20:08:16
38d2753022f19ecb,2026-01-16 22:18:24
9cd1cb98892b1437,2026-02-19 06:35:20
a0cc2c14298b3ed2,2026-02-12 16:16:00
844bf398d86243e7,2026-01-26 08:21:17
c87f2260b06025d1,2026-02-22 02:35:55
6ddd01a18965baf0,2026-02-27 00:54:31
0ff938419e8e9378,2026-01-14 23:22:48
a8dcf0829b9ab9ef,2026-02-27 19:21:36
40e57ea17f8a389b,2026-01-01 03:25:01
079ca71c19ad5724,2026-01-08 15:01:10
fe43724647ee0f7d,2026-01-03 13:08:10
59b94a76edccf24e,2026-01-22 16:40:58
ee8c211baa8dbac2,2026-02-25 06:46:01
d491fb764f0630e5,2026-02-05 10:03:19
ab22db89f32c9ac9,2026-02-06 09:04:34
c7f7deda6ef73efd,2026-01-06 00:07:49
b438b55be85f4c8d,2026-01-31 10:49:45
8b503aacfd3262af,2026-01-23 13:50:25
2fe41cb13a2bf491,2026-01-29 06:51:41
a74ab5fc1f4576e9,2026-01-16 09:49:11
79f86f4875c06871,2026-01-12 21:25:12
b7b1308b35a9d05c,2026-02-26 04:06:12
946082defc6c835e,2026-02-02 22:43:02
7dea39aa745dbe4d,2026-01-25 06:48:20
0901044243e5a003,2026-01-05 08:30:45
0965169f5485dc5c,2026-02-14 23:56:31
8e40ada50fe54c0c,2026-01-28 21:10:16
be4f46d7e1a05e8f,2026-01-23 19:34:29
605063f29340f849,2026-02-09 08:23:53
d6044e464c8b7600,2026-01-08 18:38:45
5f3a4e30b6383bd5,2026-02-01 11:00:28
3c14edea346d62a8,2026-02-20 22:13:22
604065a61ad40055,2026-01-28 08:59:49
8288f1693e885485,2026-01-01 00:35:25
143484f19a0b1fdf,2026-01-14 13:34:03
f3746c6243952915,2026-01-04 07:12:44
4aa96b8f46cc106a,2026-01-30 12:16:12
93bd9b100d4cbbf1,2026-01-22 11:58:06
fa1ae158291c7e2b,2026-01-08 19:30:51
4a2f281dd4b6d564,2026-02-10 12:38:53
146b1f634e10e0d5,2026-01-11 10:04:40
6682d53631b66284,2026-01-21 03:51:12
2a51703925b1a416,2026-02-28 06:35:02
5d17ab3387366b26,2026-01-04 21:53:56
2f80b8003da02af1,2026-01-15 14:45:07
9f7b7342acab8850,2026-01-19 18:03:41
465a8c869135bdaf,2026-01-31 00:22:06
91560d64b52668fe,2026-01-15 10:53:34
80cbf44857fb2aef,2026-02-27 05:33:32
378122aeb7dc425a,2026-01-01 07:40:27
e37802f07f94243e,2026-02-25 22:26:58
b133d2057659d636,2026-02-01 13:16:46
e0badd7611f7aff6,2026-01-03 06:12:33
d815ab102dfb356a,2026-01-07 21:10:14
f3e4b284868128b9,2026-01-07 01:55:20
8112c30070daa782,2026-01-17 23:05:41
34ea09be858eeca9,2026-01-20 15:37:00
9aeb30022cdda6a2,2026-02-07 19:55:29
ecef28cd83997030,2026-01-19 08:39:33
169151b8e8f52ff2,2026-02-12 18:45:50
9469ebf5e8dff844,2026-01-18 08:00:57
51e7d78a61121a37,2026-01-16 13:03:11
9d5aef775e22a405,2026-01-17 05:54:45
b276c6443c565415,2026-01-20 10:08:17
273f362313788d17,2026-02-19 10:14:23
4c7b76cd807f6d83,2026-01-15 13:37:24
a4ce1c4f1a441966,2026-01-17 02:56:09
d3cf26323d2b9337,2026-02-26 10:57:16
230358cd87160bce,2026-02-08 13:42:04
129df3a6910e24e4,2026-01-12 05:46:33
72e8d33cedd16d7f,2026-02-21 05:20:29
8a28aade298d1c99,2026-01-11 19:23:01
19918d14d9a528fd,2026-01-10 13:33:19
aaa6de17d7f126c4,2026-01-27 06:10:12
5bc009bd7ae9a441,2026-02-10 18:50:35
caee792c9a69fa4e,2026-01-12 04:03:28
3927bf902a734cb3,2026-02-14 10:43:09
fec0375ed260ab7e,2026-01-10 05:53:57
53684ab11e415a11,2026-02-16 02:58:28
cbec0ce27bc3c888,2026-01-06 15:45:55
ff06c12e58a9fca3,2026-01-28 09:38:15
6a478b6961ea159b,2026-02-07 18:28:57
5693028d4ef83ee9,2026-01-16 16:03:38
dfd15f71eaa2bffc,2026-02-06 02:42:31
a90481946a5d35be,2026-02-10 15:07:39
09480bd3314d479a,2026-02-08 08:37:51
f1db743a4b0ae7fc,2026-01-24 10:00:14
8286d1d4bae93432,2026-02-15 14:59:34
8045ff3640371277,2026-02-13 04:02:06
6ca3b683f0b02437,2026-01-20 06:07:22
6b0e8eb091807794,2026-02-13 06:31:18
d4cd26e8f917bc15,2026-02-24 04:29:17
4c79a7bfc69e3b55,2026-02-18 04:27:27
db24e31655a802d1,2026-02-13 06:13:04
e0967b9b7be2c0c4,2026-02-15 05:23:18
260553e4f0cbc2bf,2026-02-17 11:28:03
63f3c114021340f4,2026-01-18 01:23:34
2ba3ec213491f207,2026-02-12 12:52:57
c114ecb2f7a91bae,2026-01-12 18:23:08
7ffa8f67ea4bf249,2026-01-22 03:34:23
85338c5bbaf3ca88,2026-02-25 03:17:28
229c04f9b9db82b3,2026-01-17 16:46:26
f129aed5e2102085,2026-02-19 18:34:10
ed097efa654369dd,2026-01-25 22:17:03
bf855a34372b1a44,2026-01-13 09:10:01
851fd2265bfa0c88,2026-01-06 17:23:42
046e691832cd42f6,2026-02-02 08:16:45
60a3fb31729904a9,2026-01-27 15:00:47
b08975541aaa2ba6,2026-01-31 04:03:47
31c55873626a9931,2026-01-03 13:05:15
81294a945120dc8b,2026-01-16 19:39:47
6d72778659e23f8b,2026-01-01 05:35:14
11c08fb2178be654,2026-01-18 20:19:28
c3f89c8a09c314c6,2026-02-24 23:00:09
761e6076b18d3d63,2026-01-09 23:40:24
4e51799f8167c5e5,2026-02-10 16:06:04
25ab6074e8ae41cc,2026-01-01 08:11:04
709bbf9671ac52e4,2026-02-03 03:34:31
7b37ed6273f34fc5,2026-02-24 08:02:46
6400bb04c9fbb8d5,2026-01-21 03:00:02
83fdab8545d81027,2026-01-12 15:10:49
aa604ffe791e58c6,2026-02-03 15:52:55
d9da121e8b8e4ba7,2026-01-17 10:59:14
773bc6e7d1e351d2,2026-02-22 14:28:17
fccce982bdb9297d,2026-02-20 02:10:53
5c484ec3e89d4175,2026-02-08 11:46:13
e80cbf6a5e3447ed,2026-02-07 16:52:50
de070a2ad24af4e3,2026-02-05 13:06:52
3ae5b4c39bc4ad5a,2026-02-13 09:10:25
644b4fff7c38c460,2026-01-28 03:38:58
d96a53f6fa6d024a,2026-02-27 05:09:31
b25812fd2dd6fa42,2026-01-21 09:30:25
2d5e9401a78552a5,2026-01-01 12:39:25
90e24d06d8835d9f,2026-02-11 05:08:34
78a05f7ac94f1be7,2026-02-09 01:42:50
4ee92e003e1feade,2026-02-27 21:04:09
a50b56d94a4d6905,2026-01-24 07:46:52
ce4e51a8ea216d3f,2026-01-26 01:27:25
99d409c318cfcd05,2026-02-03 03:47:35
0803a45da0e9b7a5,2026-01-24 03:21:45
137bb5e8117b0c75,2026-02-16 07:21:30
38792e98817665dd,2026-01-26 06:12:31
97170eeeb4728f64,2026-02-16 05:36:36
bc57717ba44acb0e,2026-01-26 02:34:13
f37d52ed5853815b,2026-01-14 06:44:22
988b68248c031a9c,2026-02-28 10:43:29
5fdf5ec1e14495bc,2026-02-01 01:30:08
be2eac4962dc4573,2026-02-11 16:47:53
4a4d962447ac6719,2026-02-04 21:13:50
c6aa746727ebea6f,2026-01-22 04:36:19
6177c944a9bfead5,2026-02-27 08:33:01
1d60fa2bec7e6d43,2026-01-22 22:02:50
0e5cc710225014de,2026-02-28 14:13:10
de5f8e965b7ea8f9,2026-01-26 10:00:30
eec498220fb17968,2026-01-02 08:04:15
69ac4a514cbe039c,2026-01-03 03:59:04
4a277eba39e4937d,2026-02-27 10:41:57
57e2ff24d86259e3,2026-02-01 03:23:17
b445fa0eed8189d5,2026-01-23 20:53:34
946f6d56c79be85a,2026-02-17 20:54:56
f3c13dae1b121db1,2026-02-06 09:53:00
eb37180e459d2837,2026-02-08 23:21:51
96b15d66d4f92110,2026-02-10 10:35:45
3714ae2e7a504f9a,2026-01-12 16:57:50
4699f8e8e1ab69ab,2026-01-06 04:59:20
f3afdc9ac2bfaf28,2026-02-12 22:53:48
2eea16811f15fe3a,2026-01-02 06:52:51
407c476252425264,2026-02-12 10:45:12
4d478ab5292ba827,2026-01-08 15:59:11
a788af421f58ae7c,2026-01-16 11:45:20
284005fb1a62e472,2026-02-11 18:11:10
1e7b7d8e3e9590cc,2026-02-06 17:59:26
2abe12753a6458be,2026-02-16 02:39:22
b6478b92a1b1cbb4,2026-02-06 01:06:14
d309948df0af8113,2026-01-03 19:45:16
6d587393c5f0f953,2026-02-19 13:08:22
e76d1ee0158848c1,2026-01-13 17:29:39
b78f7c5767048030,2026-01-09 00:40:42
b627257180ed4fca,2026-02-21 20:00:41
6e5543796cf4aaca,2026-01-12 11:53:28
43a96294782bea15,2026-02-01 15:04:42
5ed444ef92d7464f,2026-01-29 16:07:58
5f0858612c40c4ed,2026-02-15 09:37:32
c13c73a224a4663e,2026-01-03 14:30:34
b17caa11855b8b07,2026-01-07 07:04:30
12a27fe91f0bccc4,2026-01-25 12:28:53
fd1cd63ba942cb10,2026-01-28 22:08:21
d2f4c78cded72e1c,2026-02-16 12:07:06
4035b2781368f406,2026-02-05 17:42:59
165ef8d565638679,2026-01-09 18:34:46
882c163253efb645,2026-02-27 18:05:47
3a518e615c883918,2026-01-28 03:17:15
5c2cbadcd5347a8a,2026-02-26 21:51:40
e64078eba170754a,2026-02-28 09:30:48
f374c8dd619c0b2b,2026-01-04 01:10:12
80cbe584a67c8b36,2026-01-30 20:22:58
4a5d12e5af431c71,2026-01-25 21:36:05
c0faa9bb0d707890,2026-01-30 09:37:36
41c5caa0587a2de6,2026-01-19 06:52:31
9ce06005196a4e64,2026-02-02 23:15:06
14c6d8258fca4be7,2026-01-30 00:56:59
18e0267453542f4d,2026-01-11 23:22:56
2fd09f34651e2856,2026-01-18 00:31:56
3edceec12461082a,2026-01-09 16:23:02
d730dc18c694a821,2026-02-19 18:32:19
7ba4e85f27e7121d,2026-02-09 23:08:03
ade9924580831355,2026-01-23 20:44:43
4456e9c6e6b6fca8,2026-01-24 08:24:21
3a802c118b1cc4c8,2026-01-05 16:00:16
1e8e0470460f4dec,2026-01-18 02:30:28
654dc110ce16f2b4,2026-02-24 12:58:56
34e2e0b7e1cacee2,2026-01-02 20:27:01
549f302c91d90c82,2026-01-09 14:54:36
ab492a2fc4f69af6,2026-02-19 22:00:27
28fcfffe14a1a6d1,2026-01-31 16:47:04
11936879b7f9b546,2026-01-02 21:46:39
1a9c49a71e013921,2026-01-29 21:30:35
41a137c078d80fc6,2026-02-14 05:58:34
754531de5232ec8e,2026-01-21 08:37:19
9da4ad77b1e0f283,2026-01-23 12:53:45
94e42d07fbb68213,2026-02-07 05:56:46
51ad34095fb66a3c,2026-02-05 07:44:31
2268fcb011dfbf07,2026-02-23 06:31:30
cd9eec287bad71c5,2026-01-15 14:42:43
9e782137e88d2ad9,2026-01-17 06:54:54
a11327f184c2109d,2026-01-10 04:02:45
19737f128c82fd8c,2026-02-09 05:31:38
33fffa0336dd4c41,2026-02-01 11:16:39
290c4ca847608a46,2026-01-21 11:16:59
a30b032df83d1cc5,2026-02-11 00:59:41
c484d2627075679d,2026-01-23 05:23:19
ef132e9e7faab419,2026-01-12 12:49:06
b9962c1959dde192,2026-02-01 20:25:22
25136cda99bf7fb0,2026-01-26 17:53:03
debf975d7c9630b4,2026-01-24 22:02:28
04d9d102a90fe26a,2026-01-27 05:37:53
801e0791f3531902,2026-02-23 22:30:35
af3034293e9ae984,2026-01-13 17:49:35
cf841ef27ddfe0ff,2026-01-17 06:33:02
fb2e2a60b0b3f1d1,2026-02-03 08:06:36
a4d8905cf5ea2ea8,2026-01-03 18:07:57
3530ab67e5eefda0,2026-01-09 14:38:41
5b5ab9d49d39b720,2026-02-03 09:56:01
9eeda4231d096664,2026-01-31 01:48:17
233d1b372fb6ba5f,2026-02-08 12:23:37
f535e9ee53dd4ec3,2026-01-07 16:37:08
b8f6d88a3ca9800e,2026-02-20 09:05:20
1a87fe85396bc0b5,2026-01-29 15:31:41
c3d91fc24855e048,2026-01-10 03:31:02
f68c2f4dbb48cdbb,2026-01-19 09:13:27
86f95e2a08afaa18,2026-01-14 10:04:43
1dcd34e009acf254,2026-01-27 16:22:51
760a37d2333fde98,2026-01-28 16:38:42
7b700957ba3fd22e,2026-01-26 14:11:21
cb33a1cf6df72fea,2026-01-28 04:47:13
806a173f7ab4bd19,2026-02-23 13:38:00
6aa63a56d6a84aa9,2026-02-26 14:09:07
7526921634e114dd,2026-01-29 21:44:56
e44aa49097f7f317,2026-02-26 19:38:28
07bf5ca7e210ebe6,2026-02-18 06:59:40
91494edb1400f20f,2026-02-18 09:03:46
f932bb1639290ff2,2026-01-14 07:31:25
4b3b5283391a892f,2026-01-26 20:48:41
3aecf27a8362aa8c,2026-01-21 18:32:57
c51932f616c667e4,2026-01-06 16:34:29
9725c0a85f038455,2026-01-05 10:19:35
39a044ac1790dde5,2026-02-06 17:21:56
18dfefee1bd302c4,2026-01-25 19:46:44
32cb4c85549d53b9,2026-02-18 17:13:21
5224778730258496,2026-02-09 10:52:45
e0cd80396136975f,2026-01-06 00:36:18
b62bbcd617e1f5f1,2026-02-19 10:50:41
89d89857f8bdd527,2026-01-30 06:28:20
7288a7353ee8b152,2026-02-03 09:20:08
4048756aeb7efeb7,2026-02-26 23:24:41
03c317832b3a222d,2026-02-07 18:20:35
50dd32bb7000a694,2026-01-02 07:33:25
34cd651a2e4a50cd,2026-01-11 11:00:36
7c8ce261a96a676e,2026-01-26 03:42:32
37e56a301b98cfd1,2026-01-03 04:41:01
45a9cf4177ce84f1,2026-01-10 21:08:28
af74f8152d34a755,2026-02-16 17:01:50
214827f8de300856,2026-01-09 10:11:22
52d8e33206e9558d,2026-01-10 20:31:34
fa7e6dffc88837eb,2026-01-30 18:37:47
3569287832065b14,2026-01-06 09:05:45
265a773c513e6b1e,2026-01-16 02:02:55
84aa258449b15a11,2026-02-25 07:35:18
2272769ac185492d,2026-02-07 06:09:59
0bab1d03b790ad85,2026-02-26 20:20:47
7e4d45294156abe5,2026-01-21 21:37:05
654e0762430cf6ab,2026-02-06 08:37:13
6f14369e6af0d24b,2026-01-15 01:48:01
7c0ea963674c31c0,2026-01-23 08:09:01
eabad64e3435f8d3,2026-01-11 07:18:45
1b8d7de8118ba654,2026-02-19 03:52:02
68463e0b2a12f38a,2026-01-11 20:36:36
40f6a64e249700f6,2026-01-13 01:53:00
55e8ed57c31af5ef,2026-01-28 08:45:08
860378979e75e192,2026-01-26 08:01:10
e3d3aa8b84ccde18,2026-01-19 12:23:42
2c10bb5db68c88b6,2026-01-22 01:32:11
a61320d87a0301c3,2026-01-18 09:45:21
4ec879ddcbaed469,2026-02-23 20:23:00
50a0f548b391cfa7,2026-02-04 05:48:32
49fe4fd6c775317b,2026-02-24 06:24:18
b59c74cee7028845,2026-02-28 05:19:39
0ecd3f297ba435b7,2026-02-08 09:39:16
193968ee90956c6a,2026-02-18 17:08:27
7a97d2c41366ae83,2026-01-07 12:48:29
dafc62974ddb23d0,2026-02-26 00:22:26
78d4ca0a29479f2e,2026-01-29 10:47:06
24592ef738583c07,2026-02-12 02:13:25
0749b4210b8ffe6d,2026-01-15 11:23:06
5e46e339712f1c6f,2026-01-06 15:13:46
2bd79861df692390,2026-02-22 05:02:26
f4c607b3c78e405e,2026-01-27 12:25:08
1946aa2a21ca7b90,2026-01-09 03:58:42
cac5e70e4fdda4ce,2026-02-08 20:24:10
8d6f19e79db11452,2026-01-04 04:54:12
df8183e2a7f06aba,2026-01-27 13:52:12
811e2b1e54f801c7,2026-02-11 13:28:18
70fc4a600288adb1,2026-02-12 12:06:58
8426bc2d65397620,2026-01-27 17:51:11
6adbc43152bb3658,2026-01-22 19:52:08
cc543cb2d00f415f,2026-02-19 11:07:29
4caa4bb0883e764b,2026-01-11 21:35:13
b2458eb2d5064330,2026-01-05 09:40:32
d9cfa3465b313f82,2026-01-10 06:05:22
db1a4039bd38dd27,2026-02-17 06:19:26
c2f3204cd58d2a07,2026-01-28 17:22:58
b22554ca16e8d131,2026-01-03 04:51:57
17acf8881672bdd5,2026-01-10 22:59:12
772ebcd0c054edce,2026-01-02 15:44:49
9f74cb09e28eedd5,2026-02-18 01:13:48
59478a38b1a4b4b2,2026-01-28 05:13:23
84becc5a8932c003,2026-01-05 00:22:33
013ac901d668fae2,2026-01-14 01:20:54
bb03e38860a77cd7,2026-02-06 08:54:02
b7f25f70aa55a4de,2026-02-05 00:42:21
683eb08b701fe641,2026-02-18 08:06:39
13b2bbef9a9b970c,2026-01-02 12:33:24
06089e2ea466f8b8,2026-01-05 02:16:12
f42376ebe1df15e4,2026-01-03 02:06:41
16bfcc2e52e3bd40,2026-01-24 05:59:48
ecd3c10efd275e94,2026-02-12 21:38:32
723f6516fb0b65cc,2026-02-09 02:48:51
6b0b0784a4d57b05,2026-01-13 09:35:38
30bdcdbeb6bed37b,2026-02-08 18:39:01
90a49f5cb908fd5d,2026-02-08 17:29:12
e80d8e5a3ac74b9d,2026-01-12 07:00:22
c8f2c8457be89f9b,2026-02-14 05:53:23
c338c0a85c16d1d9,2026-01-25 21:57:53
f59a5c6df4fe93f8,2026-01-04 12:00:46
4e23fb2ab3612762,2026-01-24 01:03:45
cb2a0fedf9243366,2026-02-15 09:58:18
a574315fe8f69f6e,2026-02-11 01:50:09
24c132ddd7a43905,2026-01-16 20:05:04
c362120f66b8b5bd,2026-02-14 15:46:24
8d7ee6bffeaa92b1,2026-01-23 23:35:49
7cdd4ab9f860d517,2026-01-28 03:42:03
be9a87c675039f4a,2026-01-06 02:40:52
fe58e8b5964e5374,2026-02-28 19:50:47
18dad1bc470111d4,2026-02-19 11:30:01
340a07633775432a,2026-01-12 12:01:08
d6fef29a0cfcaeb6,2026-02-03 01:59:31
fed8946fdf1a2c45,2026-02-16 00:59:13
77ad30a5fafa2a5c,2026-01-30 18:36:22
4d228cdf65d36b5e,2026-01-13 10:29:33
523a3847d5dff144,2026-02-27 03:28:25
1646870e694a8b49,2026-01-16 20:37:56
16e23cf984f579ca,2026-01-20 17:39:36
558bc037f24a42b1,2026-01-22 22:13:14
10da5ab2cd6158a3,2026-02-22 13:20:37
662920bde981e1e7,2026-01-30 12:01:06
7afb77345fb41357,2026-02-12 11:04:41
eb9ce1c22a8f1a2a,2026-02-23 04:06:56
3d0650abe9cba400,2026-02-24 18:47:45
975cafc70eac8596,2026-02-20 12:42:25
ec471859111530da,2026-02-23 13:26:52
6b36678f86442c89,2026-02-25 22:41:15
e80f912dab7729cf,2026-02-28 11:17:54
8f434018843b053a,2026-02-07 22:37:13
0ff4a5d5cc4ea821,2026-01-08 18:27:15
e9fd45bfd35067a3,2026-01-07 16:27:08
c1c7605c1c5321ea,2026-02-16 23:09:33
25874af2572b9396,2026-01-19 15:39:28
1eeb94533562f20f,2026-02-17 11:09:51
006a8ba6d6c5e88d,2026-02-25 03:35:10
d811ad087ac14470,2026-02-08 00:25:59
d13ec39e0ab2e010,2026-02-15 02:14:55
4858ed04382672cf,2026-01-17 10:52:01
7c1a4853382a3a3f,2026-01-26 15:18:22
7c09f85913c98d6a,2026-02-26 22:39:00
8450e665ec85d66d,2026-02-18 04:39:49
0c212aa7825ce00c,2026-01-13 01:27:42
149da90e2a669ace,2026-02-25 05:49:55
89277e5cdb03acf6,2026-01-30 11:23:55
1742a21a66924e93,2026-02-19 18:55:01
50526cd61be06398,2026-01-31 18:25:33
2736f85182a20edf,2026-02-05 15:06:49
8bacf82c2ba94ea0,2026-01-10 13:09:01
1cedf12de9d4f97a,2026-01-20 23:32:55
af10cfded2cdac30,2026-02-12 15:06:03
4f8f5c880b6b5436,2026-02-19 16:49:42
e58222669cc16287,2026-01-06 05:50:09
cb65a279b363a336,2026-01-05 12:50:24
39918fbf141d9e71,2026-02-10 21:25:35
9fab0ca6bbc12bbe,2026-01-27 09:05:12
7fc6b7bded50cc8f,2026-02-20 01:38:23
0c82c0d6d586a733,2026-01-05 00:35:59
0122635a75c0fed5,2026-01-21 14:44:43
e66439e0f8ed38c0,2026-01-03 02:11:01
6ba092fdbcc176bf,2026-02-11 20:32:24
bcd4de34a3f684d7,2026-02-20 14:43:11
7418d6f8cda24137,2026-01-10 05:59:31
e7fd08454592dfc4,2026-01-20 02:44:33
c42f08538cf4aae4,2026-02-19 21:51:50
999459a54b0d5657,2026-01-03 10:39:56
457c8b1153b0749b,2026-02-26 04:04:37
cca3d75187f3069c,2026-02-22 07:58:39
206425e9a23e8c53,2026-01-10 00:12:51
7becf861d6b47419,2026-01-09 04:43:31
704d678842fd00a1,2026-02-10 19:40:23
a711a761d1e7e9b0,2026-01-01 14:17:49
dea48d555d40fa84,2026-01-30 20:15:25
56660eb007e2acb9,2026-01-04 21:20:24
31420b0ed499d788,2026-02-01 08:36:11
bdb200073dc473bb,2026-01-21 15:52:54
9e442ce261f93ba4,2026-02-11 16:23:22
2b66c6c37bd870c2,2026-02-21 23:04:56
afcc6ccf3cbb6279,2026-01-29 20:03:24
7f0213a38c14ed21,2026-02-07 20:44:42
297928c1034f647e,2026-02-05 10:03:44
2c2d7e4ed4488ff8,2026-02-28 02:39:21
1d59eed438655110,2026-01-14 14:57:21
6b6eb81125fd9036,2026-01-15 02:19:58
f83c45d62f9f3016,2026-01-23 07:57:55
932c613d8b003ce7,2026-02-13 11:09:25
4e274c53c285d0e5,2026-02-21 01:10:50
c2d9a4ab1276fe59,2026-01-17 09:45:18
33b46d77d277677a,2026-01-07 11:37:19
94ad0ac507ec1306,2026-02-05 21:50:55
cce0bf151420fd1b,2026-02-05 06:10:00
46b04d2383523220,2026-01-23 02:40:29
e48960c0faf7c889,2026-01-11 20:57:01
99d9c7cdfbe22817,2026-02-20 03:25:10
40e4a4608ea08085,2026-02-19 22:42:01
24d651de7639b37a,2026-02-14 02:30:09
a25d8998c4deb2cf,2026-02-04 03:55:35
57b85883e6263f3e,2026-01-16 10:10:47
57ef98ce8bfd9247,2026-01-24 18:43:01
c5b1d647afb67e9f,2026-01-05 00:53:54
9f86a21a1d072f6b,2026-01-15 17:45:06
146b982725279e02,2026-01-27 13:49:11
a6b82fe4ee9f98e1,2026-01-26 18:34:19
2b18063c3d42bbbf,2026-01-05 17:48:45
def940e62fd3b188,2026-02-26 11:58:45
cdcf6d58ee2f216d,2026-01-16 19:49:34
838fc53fc326bfe4,2026-01-31 01:02:25
b8fd67f7e5b21522,2026-01-28 10:48:05
bb1969346429fbc2,2026-01-28 16:47:50
18d6dc02990ffa0c,2026-02-19 20:33:50
d7c93723a4842c2a,2026-02-14 00:43:26
ce96dd1b4fe8773f,2026-02-21 04:34:17
ddb2ef1acd68a6e4,2026-01-23 08:43:50
816615e1458a7719,2026-01-16 15:27:28
00a1328701660e1c,2026-01-26 05:13:56
67ca1ccf3f3b6680,2026-02-03 03:04:15
36b63112b1ff17d3,2026-01-20 21:07:05
b5b3f91f5a1677f3,2026-01-28 03:26:31
b55a821261a0628d,2026-01-09 21:42:08
6085f7bb55fad6c2,2026-02-04 10:43:21
2bc42acf23c00ee1,2026-02-12 02:45:14
e00247409d5cc737,2026-02-01 02:27:15
c87af44b15caf8ef,2026-02-21 12:12:43
d716323cc7b6040b,2026-02-28 17:52:47
d1b6c8b4894d5b9c,2026-02-23 10:19:09
2add92f5f847d6da,2026-01-06 11:39:24
8109a1ee5a06c08a,2026-02-21 23:13:01
b32a52cfd37e3d50,2026-01-20 16:31:33
8684112fa9cd59a4,2026-01-27 15:43:33
22dfca8788267475,2026-01-25 07:21:42
f934a32574b8659c,2026-01-17 18:14:16
4f62ab65063ace96,2026-02-21 18:09:27
b6e22a2996321860,2026-02-07 15:18:00
aca10046503ca3f3,2026-02-27 01:13:33
68fb07681d9ea643,2026-02-26 07:51:44
9fb5728e62a39bd6,2026-01-25 18:22:54
745d0d7e539690ac,2026-02-12 21:30:14
2addbab6646cce89,2026-01-30 15:20:52
9a3f57f3e6d6b432,2026-01-30 04:42:20
83a6df3bc020e5e5,2026-02-13 15:19:46
b6bd5c92f03e314f,2026-02-10 15:21:11
78eaa0172addaf80,2026-02-23 19:01:58
8d22ab6f049ddc21,2026-02-15 13:54:50
eea011edce1568b0,2026-02-06 16:57:08
3ab7e5b75a8ee0ad,2026-02-24 05:41:07
e90b1d5a4245060d,2026-01-07 00:58:34
a49849692a30c87c,2026-02-15 00:42:49
4c44f98895d71372,2026-01-24 03:28:22
1616029d62d75a85,2026-01-26 13:23:52
1285bf64a0655cfb,2026-02-16 02:51:06
8762006c0334d78d,2026-01-17 03:25:36
960b824d3b818891,2026-02-22 03:13:21
22380f23366040c6,2026-01-30 11:49:57
4b554eacc6e4f492,2026-01-21 14:11:07
7db64deda13efc21,2026-01-20 08:42:00
865d5aa63803199d,2026-01-25 20:01:31
84d008a4c062a477,2026-02-25 14:57:17
0451b36a08d93815,2026-01-07 01:20:36
e266dee1876ff701,2026-01-30 23:16:47
4bd7fbc5eb4c8255,2026-02-19 06:21:59
75c2397608b7a479,2026-01-28 20:25:54
67f829bf5e4258f8,2026-02-03 09:28:53
2f9233f40a67e346,2026-01-21 13:02:45
3604f6bb2234a583,2026-01-09 00:52:38
8fc4209bb01e46e3,2026-02-07 17:24:01
422ef1969a02112c,2026-02-24 06:39:24
b0dafcc0b8a65811,2026-01-31 16:23:33
21af89162b102773,2026-01-26 11:45:54
69d927df8b97c14f,2026-01-08 14:43:59
ef629b7cc9b14bf6,2026-02-25 17:44:12
db822265bda6f155,2026-02-21 06:47:54
0551d5971afb7019,2026-02-23 05:09:51
98e23a69c5dcbde3,2026-01-22 04:21:44
76128c36ba6f0d35,2026-02-06 21:25:25
5d01a28720aff2e8,2026-01-26 12:31:52
2e08ff5faf6bc297,2026-01-14 20:15:59
b3e2ebb37e7bc9a8,2026-01-13 03:13:28
e7e015919c79c0af,2026-01-23 15:32:06
a65157aac5629547,2026-02-02 15:36:43
c49ed2de223064ea,2026-01-08 04:45:18
984b1b9ef4d7cd18,2026-02-11 10:06:36
f7fbd03281cd25f7,2026-01-28 00:11:41
91c831f7f930edee,2026-02-21 23:43:49
a9cf135371536ac7,2026-01-17 10:46:16
d1583b59c376432c,2026-01-04 01:04:35
8fea02cfd3c724f1,2026-01-19 09:52:13
4fffc2b3834f0fa3,2026-02-27 10:14:17
0a3c2984c49b8ebb,2026-01-19 23:56:55
0b4bca0fb9d8afa4,2026-02-11 12:36:22
8ee66e9b94f9713c,2026-02-19 18:06:07
cb3c66a5c44edbea,2026-01-17 18:34:01
36a0c50ac086f29b,2026-02-07 21:55:00
d3c44ba37b95d8b7,2026-01-13 01:32:10
fd70bb88bf1c25b7,2026-01-22 08:53:04
fae80207fa731ff7,2026-01-18 11:15:38
4896e0dfc10bef7c,2026-02-09 16:06:05
dda788dfd1ecc2f0,2026-02-21 16:01:40
9852473a09d25779,2026-01-15 21:22:27
feecdc83cdd749a2,2026-01-18 04:36:30
73bc17da798e7ba3,2026-02-18 10:27:21
6e5a72c33c43c8e2,2026-01-28 07:21:17
ff181090ef9a298b,2026-01-31 06:29:51
9449c3cb8212169d,2026-02-11 15:19:31
a292d43126596f03,2026-01-09 02:49:16
ec77dc98b38828f3,2026-02-21 10:44:16
f6f4a68288333f4f,2026-01-22 13:09:26
bd14799bc11014c5,2026-02-08 20:32:13
7e933a513eccbc74,2026-01-26 11:58:10
f57c972782c345a8,2026-02-14 10:24:10
a6cfbcb5af8eb983,2026-02-06 02:00:07
5429db07c80d419b,2026-01-11 05:25:50
69466860f39785df,2026-01-12 01:59:15
2f0159fc540eaed0,2026-02-21 18:24:35
e2b49ee445b1337a,2026-01-31 15:45:37
6b728dc27b8c757d,2026-01-17 06:25:06
944c99b9e7be2a85,2026-01-09 10:51:12
d7fe4ab5441c0c1e,2026-01-08 13:47:00
abd53d7d75f2fbb4,2026-02-24 06:35:00
273b669f39e7173d,2026-02-27 14:21:43
15535d9655da4a56,2026-01-24 05:11:45
4f71d79051721e12,2026-01-12 21:31:19
336c22ea25736825,2026-01-25 17:08:02
7489cb25e9481722,2026-01-09 01:29:57
fad399f14ccc89a5,2026-02-02 10:18:50
459e6bab4db7cd73,2026-02-06 22:26:44
1dd382faa7a03ba4,2026-02-28 03:10:05
3ac850165392c21a,2026-01-19 19:30:37
f24e5f387b10af9d,2026-01-12 16:06:10
977a7854caf254cc,2026-01-08 20:49:21
ee76da8d2094205d,2026-01-23 06:04:24
4fefb4f77a242a91,2026-02-05 11:11:15
dd29067391f8465e,2026-01-04 22:20:57
1dfd451aebf4f330,2026-02-14 18:43:23
983191c0d1a86a39,2026-01-28 03:30:44
c2a04fc39c6c24f4,2026-02-16 19:10:08
dc4c3eaccf3e347a,2026-01-28 08:28:02
09225050fdada84f,2026-01-10 04:12:21
c252eaa67e8bc192,2026-01-02 06:23:26
addd87fb48129fdc,2026-02-02 20:31:26
23aee6e48934dce4,2026-02-01 19:50:45
89999eec1d30861c,2026-02-18 00:10:07
f156d9fe26971ad6,2026-02-21 18:11:32
12b1a1ac9bcc6dbb,2026-01-10 12:05:57
6471baee0c2ea81a,2026-01-19 13:35:49
5bf19662f6caa238,2026-01-13 06:04:41
b5f5d24626aa1f67,2026-01-07 07:06:25
90a11393b2f77056,2026-01-01 03:24:52
3571021a0fe8adbc,2026-01-05 20:33:12
80929b8b4b297e08,2026-01-31 22:52:55
b5e6b9d237441efb,2026-01-09 23:02:27
e49cc1bbf749b92d,2026-01-12 11:40:09
f01e6bdc5e94857f,2026-01-07 22:51:18
eddb8cac89e00aed,2026-02-12 17:31:39
b3d9b4a4a0fa5b2e,2026-02-07 12:07:38
670892a02869b0df,2026-02-26 18:29:42
b1d6cf1ecfe92b4f,2026-01-07 13:52:35
5518b7955af53604,2026-01-13 07:35:52
a8f0bc961ea8fcf3,2026-01-27 21:16:18
4ccbddd218480175,2026-02-08 07:07:17
059c5acbcab15627,2026-01-08 16:11:31
7ab3f833037232c0,2026-01-13 11:57:27
bb94a4c264dbedd0,2026-01-25 20:51:43
4db431ce33f02aa8,2026-01-02 01:29:51
ba4a4fe5cfffafd2,2026-01-24 07:42:32
33a0872fd0507ac8,2026-02-14 18:06:46
d9fea42a38ec9381,2026-02-01 01:43:18
fc8eafabeacc8b38,2026-01-26 14:33:02
831e5e6b6860b577,2026-01-29 18:53:22
f510145c1fc097de,2026-02-25 20:39:01
0ad5b5b6e3ce13b4,2026-01-31 16:56:21
34a0f3a5ad37689f,2026-02-01 12:32:56
ba4900412e3dc52f,2026-02-24 22:02:08
38d052512b1f8895,2026-01-10 06:59:44
8259cae70ec9fdd0,2026-01-06 15:53:07
21f1385dfb2114cc,2026-01-27 12:52:50
571ad8fa89b28b7c,2026-01-19 19:06:52
6eb87d43c0580ca8,2026-01-12 23:17:41
dfaf01c0860210f5,2026-01-08 01:13:02
1d5612bbb1440e25,2026-02-21 19:17:22
9b5d3b3421e7c934,2026-02-06 05:50:13
69785d325d751df3,2026-02-10 18:19:08
7d46b844755b96c8,2026-01-07 23:12:27
0cc4a29060a7a0be,2026-01-21 03:11:39
278215e9a649c81c,2026-02-06 15:05:50
06d118eb3b2c796c,2026-02-01 03:23:37
c5a41a797c6425ea,2026-02-10 23:57:12
479300f68af88b54,2026-02-09 11:59:02
f843d6d6dfaefec5,2026-01-25 09:17:05
2b4aeee2153de4a3,2026-02-16 04:31:36
2172f27cee4cb29e,2026-01-16 07:37:45
3d406a42f3234309,2026-01-05 17:29:18
b74c2f9dc4041799,2026-02-23 21:20:28
e1caae22d1adb4a9,2026-01-02 07:53:12
69861cb3d16bf396,2026-01-17 17:40:31
2f6c620003226f89,2026-01-07 18:03:54
787ddac7bdaf93b1,2026-01-14 16:16:17
5369c1bdb3d1f295,2026-01-24 07:18:53
45b84f2e2a0842da,2026-01-08 15:31:36
d8c5b86fb9a9ec81,2026-01-28 12:51:24
5438638f62088e4e,2026-02-24 17:05:29
6e04cbcaa727eb80,2026-01-09 01:13:46
4bf0e969bdbccedb,2026-02-24 16:02:31
b72924c0a86ec4de,2026-01-25 06:11:34
de7a15b76fb373ac,2026-02-04 22:55:10
e89be3c4fe2f8e8f,2026-01-27 01:20:16
c9c78a26f1452592,2026-01-19 16:21:12
0f71103b8b311e71,2026-01-07 10:28:17
e67a170c1366430b,2026-02-05 00:10:09
09c7e4e5f2a9cdd6,2026-02-24 01:59:26
70a89cddb665a9a6,2026-01-31 17:26:10
9c6d087ab44ce17f,2026-02-05 08:23:26
a2288f5a936710bf,2026-02-07 23:32:28
8547321bceb8bfdc,2026-01-23 22:09:59
14032ac9be6ccb12,2026-01-08 02:46:09
3c4389248e547b4f,2026-01-30 21:46:50
80fcdbea86b25e3e,2026-02-21 06:24:06
0556d9f74037051d,2026-01-19 12:54:13
a583538c53023221,2026-02-21 09:59:57
8439c336604779e7,2026-02-20 09:43:58
cf3311e4a68b59d2,2026-01-15 10:38:34
4a131a8475f094b8,2026-02-03 22:13:17
c647e5ed388fbef3,2026-02-14 02:32:18
65f27af1f619a1c8,2026-01-30 04:46:21
076cf4628709d4c1,2026-02-11 06:18:24
3a48caf52e678ddc,2026-02-23 17:48:50
0d6a2277066eaaef,2026-02-07 00:12:51
45de1f5db166c609,2026-02-19 10:34:46
9c655485b0f8b435,2026-02-17 06:10:05
493228ff102e791c,2026-02-17 22:55:39
e80480e8bf8c3cca,2026-02-20 06:56:09
4384f0d471dc8ef4,2026-01-14 07:27:45
a676fa877fc49258,2026-01-02 01:59:26
6836fee44b4e8510,2026-01-10 00:49:20
13bfa05d7eed9ff3,2026-01-15 17:32:02
9a9cc2b1ac9f01ad,2026-02-10 17:10:36
9cbc5b05ef20ead9,2026-01-31 02:04:52
0767b90af522c2ff,2026-01-28 15:35:51
446d75bcf1174fd9,2026-01-01 12:51:20
1dc01ee03ae08a11,2026-02-10 08:08:14
e38d94d7164ba8ff,2026-01-22 11:46:21
6964b29c761bd773,2026-02-14 21:02:54
1a58357069750b28,2026-01-07 15:40:13
1b3a9dcef8e4c24a,2026-01-09 23:00:00
b21e645323f964dd,2026-01-10 01:00:00
36226861d78177b7,2026-01-10 03:00:00
9f839bfdf67d63a5,2026-01-10 05:00:00
5966053bce480a1b,2026-01-10 07:00:00
e8b6baa8c0e0045d,2026-01-10 09:00:00
ad3bbc2013e71e9e,2026-01-10 11:00:00
53bec186d218dd22,2026-01-10 13:00:00
ac1747da91f333e0,2026-01-20 08:00:00
ea63120f3eb90a23,2026-01-20 08:15:00
9bab572fbf070629,2026-01-20 08:30:00
8a1e2869c6d80d58,2026-01-20 08:45:00
113f46c24a15a296,2026-01-20 09:00:00
701a7d069103352b,2026-01-20 09:15:00
1d3186a7ade6a5ce,2026-01-20 09:30:00
0f62c5c1723cc3da,2026-01-20 09:45:00
58eddbb350ca9056,2026-01-20 10:00:00
3cdc16a1d874684e,2026-01-20 10:15:00
920aadb4abf6765e,2026-01-20 10:30:00
eb6b36c52667ab86,2026-01-20 10:45:00
825e7d68d8e09e7a,2026-01-20 11:00:00
5b69e82c95ef698c,2026-01-20 11:15:00
ab550188ec0479d7,2026-01-20 11:30:00
3489c063f360cb03,2026-01-20 11:45:00
086818b3222eb0f4,2026-01-20 12:00:00
095fbe04097dbcb1,2026-01-20 12:15:00
086d8b526aa5541b,2026-01-20 12:30:00
83ecefc17f9c66ef,2026-01-20 12:45:00
749f7d1be48efdc0,2026-01-31 00:00:00
142b01125d36ec49,2026-02-09 23:00:00
d6e6ccb2a3451c2f,2026-02-10 05:00:00
3f216fd030c25d92,2026-02-10 11:00:00
2e334900503edbc4,2026-02-10 17:00:00
31cd59582ad8bd97,2026-02-10 23:00:00
771006ff590b599d,2026-02-11 05:00:00
b43dced96361793e,2026-02-11 11:00:00
3ec5a1e8f360c578,2026-02-11 17:00:00
8038efee99c7cf72,2026-02-11 23:00:00
8dde5590b3986a55,2026-02-12 05:00:00
b0823fcd0288b6cc,2026-01-05 00:00:00
6db1b586ba8e4115,2026-01-06 00:00:00
26fcd24a9ff764a0,2026-01-07 00:00:00
4bba7cb2b66f69cc,2026-01-08 00:00:00
cb31cd1a0363fd5a,2026-01-15 00:00:00
cafc7f1534742532,2026-01-20 00:00:00
b0f5adec160fa3f1,2026-01-21 00:00:00
07edfa012ab897f4,2026-01-22 00:00:00
2026a76b406b3ae6,2026-01-23 00:00:00
7c73514cb768a7b6,2026-01-24 00:00:00
2f3af2bc97a2f92e,2026-01-25 00:00:00
fcaebec03f0c582d,2026-01-28 00:00:00
65a7ee7235d7c97f,2026-02-05 00:00:00
42b721bbb42d8e57,2026-02-06 00:00:00
8656c5be8b888d02,2026-02-07 00:00:00
5148d83cb17f3f41,2026-02-08 00:00:00
a491d34fe80c8140,2026-02-09 00:00:00
