candidate_id,member_ids,member_count,mean_account_risk,median_account_risk,max_account_risk,min_account_risk,std_account_risk,p90_account_risk,internal_edge_count,internal_edge_density,mean_edge_weight,max_edge_weight,shared_device_edges,shared_address_edges,shared_phone_edges,shared_payment_edges,shared_ip_edges,shared_coupon_edges,candidate_community_count,source_community_ids,ring_total_orders_sum,ring_total_amount_sum,ring_avg_order_value_mean,ring_total_returns_sum,ring_return_rate_mean,ring_return_rate_last_30d_mean,ring_total_refunds_sum,ring_total_refund_amount_sum,ring_refund_rate_mean,ring_total_disputes_sum,ring_dispute_rate_mean,ring_transaction_burst_score_mean,ring_refund_burst_score_mean,ring_account_creation_burst_score_mean,ring_discount_dependency_score_mean,ring_shared_entity_types_count_mean,ring_shared_edge_weight_sum_mean,ring_community_return_rate_mean,ring_community_refund_rate_mean,ring_community_avg_order_value_mean,is_abuse_ring,positive_ring_ids,split_group,ring_proba,ring_pred
RING-C0001,"[""A000060"",""A001561"",""A001844"",""A002214"",""A004324"",""A004447"",""A004530"",""A004853"",""A005147"",""A006406"",""A006503"",""A006518"",""A007988"",""A008023"",""A008115"",""A008525"",""A010021"",""A011964"",""A012305"",""A012954"",""A013326"",""A013798"",""A014239"",""A014303"",""A016338"",""A017177"",""A018464"",""A019010"",""A019392"",""A019787"",""A021550"",""A021701"",""A022136"",""A023133"",""A023642"",""A023873"",""A024171"",""A024492"",""A026721"",""A028503"",""A028854"",""A029264"",""A029576""]",43,0.8452102185649996,0.8375870602980809,0.9869765842481475,0.70318919442285,0.09584136861919736,0.976256675813986,57,0.06312292358803986,0.9210526315789473,1.0,20,15,4,18,0,0,20,"[""16"",""2"",""33"",""36"",""37"",""44"",""45"",""47"",""5"",""50"",""58"",""60"",""65"",""7"",""72"",""73"",""89"",""9"",""93"",""94""]",175.0,1075590.0,5573.229235880399,19.0,0.09559800664451827,0.06807862679955702,17.0,133210.0,0.07757475083056478,1.0,0.0029069767441860465,0.20930232558139536,0.023255813953488372,111.25581395348837,0.025136981387280523,3.2325581395348837,6.051162790697675,0.14632544637707834,0.1361173204490746,5714.068062801601,1,"[""R007"",""R043"",""R045"",""R067"",""R109"",""R111""]",ring-group-0,0.9824899818823201,1
RING-C0002,"[""A002243"",""A005543"",""A010415"",""A015804"",""A018660"",""A021600"",""A021721"",""A025957"",""A028162"",""A029292"",""A029563""]",11,0.9051069269977259,0.9581811515063839,0.9871046960099705,0.7625649649553495,0.08551964753448157,0.970879743854133,16,0.2909090909090909,0.9625,1.0,2,2,0,12,0,0,4,"[""1"",""27"",""3"",""6""]",45.0,264080.0,5624.469696969697,9.0,0.1409090909090909,0.13383838383838384,8.0,62620.0,0.11818181818181818,0.0,0.0,0.0,0.0,118.63636363636364,0.03547657181705877,3.1818181818181817,5.636363636363637,0.1658215501037582,0.15375088324833788,5925.6672940208455,1,"[""R061""]",ring-group-1,0.9968576167275817,1
RING-C0003,"[""A002865"",""A023346""]",2,0.8289458165128829,0.8289458165128829,0.8310143353309536,0.8268772976948122,0.002068518818070686,0.8306006315673394,1,1.0,1.0,1.0,1,0,0,0,0,0,1,"[""52""]",9.0,37790.0,4431.75,1.0,0.1,0.1,1.0,3290.0,0.1,1.0,0.125,0.0,0.0,166.0,0.02649197530864195,2.5,6.8500000000000005,0.1242361989043405,0.1086845062508779,6190.036557100716,0,[],negative-2,0.029258297729900497,0
RING-C0004,"[""A001456"",""A006829""]",2,0.7655151164937642,0.7655151164937642,0.7988759203841445,0.732154312603384,0.03336080389038021,0.7922037596060684,1,1.0,1.0,1.0,1,0,0,0,0,0,1,"[""35""]",5.0,21430.0,3413.75,0.0,0.0,0.0,0.0,0.0,0.0,0.0,0.0,0.0,0.0,34.0,0.01804001103752755,2.5,2.9,0.1117611920243499,0.1017843604888139,5936.010884751775,0,[],negative-3,0.027652072150238106,0
RING-C0005,"[""A003535"",""A007718"",""A009732"",""A018352"",""A018825""]",5,0.9500209614744068,0.9448849145526214,0.9759222916707693,0.9277528984763685,0.017838417861561158,0.971496440647074,7,0.7,0.9571428571428572,1.0,0,1,0,6,0,0,2,"[""100"",""19""]",23.0,125780.0,5388.8,1.0,0.04,0.0,1.0,3310.0,0.04,0.0,0.0,0.0,0.0,89.4,0.02417832005638602,3.2,5.999999999999999,0.16536788512452233,0.15801246137529318,5640.851401775297,1,"[""R052""]",ring-group-4,0.9912574639873739,1
RING-C0006,"[""A005502"",""A010159"",""A011223"",""A013520"",""A015803"",""A016129"",""A016520"",""A020470"",""A021020"",""A022057"",""A022951"",""A027734""]",12,0.9174951381400093,0.9581335181121422,0.9838361292006832,0.7098796982495026,0.08601871463802331,0.9826929723380924,20,0.30303030303030304,0.925,1.0,9,5,0,6,0,0,2,"[""47"",""54""]",49.0,286520.0,5726.359126984127,8.0,0.1486111111111111,0.12777777777777777,8.0,64610.0,0.14384920634920634,0.0,0.0,0.0,0.16666666666666666,100.83333333333333,0.04066381164324429,3.4166666666666665,6.516666666666666,0.14903562727239397,0.135810615013047,5716.504540095383,1,"[""R063""]",ring-group-5,0.9946258212793699,1
RING-C0007,"[""A003254"",""A006121"",""A022432"",""A028168""]",4,0.9168212488668259,0.9344913518015114,0.9851127918887317,0.8131894999755492,0.07045893230585376,0.9830547541631478,3,0.5,0.9,1.0,1,1,1,0,0,0,2,"[""22"",""62""]",16.0,77880.0,4190.3125,1.0,0.03125,0.03125,1.0,4500.0,0.03125,0.0,0.0,0.0,0.0,155.75,0.0,3.0,3.625,0.15311358845728573,0.14467832236960343,5572.946366424932,1,"[""R077""]",ring-group-6,0.9825605651191639,1
RING-C0008,"[""A019295"",""A023589""]",2,0.9277154011207953,0.9277154011207953,0.9774634164091944,0.8779673858323963,0.04974801528839906,0.9675138133515147,1,1.0,1.0,1.0,1,0,0,0,0,0,1,"[""96""]",7.0,22300.0,2830.0,1.0,0.16666666666666666,0.0,1.0,2500.0,0.1,0.0,0.0,1.0,0.0,68.5,0.0105544,3.5,3.7,0.1401030561478322,0.1278903103529969,5472.299307036247,1,"[""R072""]",ring-group-7,0.9404857887284954,1
RING-C0009,"[""A001208"",""A004118"",""A004426"",""A004663"",""A006098"",""A008982"",""A009359"",""A010997"",""A011618"",""A013569"",""A015167"",""A018370"",""A019679"",""A020126"",""A022038"",""A022433"",""A023864"",""A024262"",""A025178"",""A028005""]",20,0.8726066794138758,0.8892292871358655,0.9807489025006014,0.7015094669612175,0.08982698793013144,0.9696580702401109,28,0.14736842105263157,0.9785714285714285,1.0,17,2,1,8,0,0,7,"[""17"",""19"",""41"",""46"",""62"",""71"",""75""]",57.0,329280.0,5980.466666666667,5.0,0.14166666666666666,0.08928571428571427,4.0,43740.0,0.06428571428571428,1.0,0.0125,0.5,0.0,116.45,0.02495217691705421,3.25,5.4799999999999995,0.15020153674037218,0.13979341696944353,5648.131332896316,1,"[""R057"",""R060""]",ring-group-8,0.9913707926562502,1
RING-C0010,"[""A003263"",""A010571""]",2,0.7878880211315241,0.7878880211315241,0.8344857083834754,0.7412903338795729,0.046597687251951236,0.8251661709330851,1,1.0,1.0,1.0,1,0,0,0,0,0,1,"[""98""]",11.0,76690.0,6922.142857142857,0.0,0.0,0.0,0.0,0.0,0.0,0.0,0.0,0.5,0.0,71.5,0.025216922005571,3.5,5.95,0.1271432932147218,0.1207846386417815,5627.616881795453,0,[],negative-9,0.011232503565680806,0
RING-C0011,"[""A002150"",""A006776"",""A007133"",""A007853"",""A009560"",""A017524"",""A021477"",""A021944"",""A022527"",""A025087"",""A026794"",""A028424""]",12,0.8151647658037576,0.8135624402901561,0.9650859867427339,0.7051891274672416,0.0783526540546034,0.8978251200094611,12,0.18181818181818182,0.85,1.0,6,6,0,0,0,0,8,"[""19"",""21"",""28"",""37"",""41"",""5"",""7"",""98""]",67.0,397230.0,6214.7142857142835,12.0,0.12876984126984123,0.10396825396825395,12.0,115120.0,0.12599206349206346,0.0,0.0,0.16666666666666666,0.0,121.33333333333333,0.009788895384221584,3.1666666666666665,5.266666666666667,0.15196003066874558,0.14132065760286147,5811.305369765002,1,"[""R004"",""R021""]",ring-group-10,0.9517644539091166,1
RING-C0012,"[""A000146"",""A000441"",""A000545"",""A000688"",""A001343"",""A001582"",""A002401"",""A002870"",""A003011"",""A003113"",""A003657"",""A003693"",""A003709"",""A004331"",""A004893"",""A005041"",""A005152"",""A006277"",""A006432"",""A007086"",""A007490"",""A007504"",""A008212"",""A008458"",""A008807"",""A009363"",""A010024"",""A010417"",""A010715"",""A011134"",""A013836"",""A015077"",""A015422"",""A016017"",""A016313"",""A016542"",""A016772"",""A016875"",""A016914"",""A017001"",""A017029"",""A017190"",""A017930"",""A018430"",""A019065"",""A019352"",""A019355"",""A019508"",""A019629"",""A020056"",""A021729"",""A022500"",""A022680"",""A024334"",""A024608"",""A024655"",""A025275"",""A025828"",""A025970"",""A026092"",""A026694"",""A027220"",""A028469"",""A029037"",""A029120"",""A029734""]",66,0.8868507909420916,0.8884224174618709,0.9889358378774431,0.7052555527328522,0.07984038572872214,0.9805958454110217,150,0.06993006993006994,0.97,1.0,80,15,4,51,0,0,14,"[""1"",""10"",""27"",""32"",""34"",""38"",""40"",""51"",""60"",""63"",""67"",""85"",""89"",""94""]",268.0,1630910.0,6123.37487974988,37.0,0.12947330447330446,0.12404401154401154,35.0,210710.0,0.11928811928811929,0.0,0.0,0.18181818181818182,0.07575757575757576,110.16666666666667,0.0302979011359077,3.1818181818181817,7.848484848484849,0.15007147267848334,0.13962343117983497,5771.893857825586,1,"[""R039"",""R042"",""R051"",""R056"",""R058"",""R073"",""R120""]",ring-group-11,0.9915118547710079,1
RING-C0013,"[""A011498"",""A020826""]",2,0.7589500925353758,0.7589500925353758,0.7989582340954361,0.7189419509753157,0.04000814156006022,0.7909566057834241,1,1.0,1.0,1.0,0,0,1,0,0,0,1,"[""34""]",3.0,41070.0,12552.5,1.0,0.5,0.0,1.0,9180.0,0.25,0.0,0.0,0.0,0.0,31.5,0.0,3.5,3.2,0.1488127240143369,0.134791026625704,6169.597078213005,0,[],negative-12,0.007145743284282943,0
RING-C0014,"[""A004270"",""A016639"",""A025983""]",3,0.7486166276422862,0.7442172498274862,0.7751221172868268,0.7265105158125459,0.02008793739771199,0.7689411437949587,2,0.6666666666666666,0.85,1.0,1,1,0,0,0,0,1,"[""42""]",10.0,75350.0,7253.055555555556,1.0,0.08333333333333333,0.08333333333333333,1.0,7540.0,0.08333333333333333,1.0,0.08333333333333333,0.0,0.0,64.33333333333333,0.028260974402844835,2.3333333333333335,4.433333333333333,0.1376833483976341,0.1184589919884037,5486.051500786795,0,[],negative-13,0.008426713416917826,0
RING-C0015,"[""A000033"",""A002765"",""A018547"",""A018754"",""A022196"",""A025192""]",6,0.8152173071533007,0.8136767454320203,0.9068887108042122,0.7314232677511042,0.05075659923949734,0.8611536367858683,5,0.3333333333333333,0.9400000000000001,1.0,1,1,1,2,0,0,3,"[""35"",""51"",""61""]",17.0,114920.0,5875.416666666667,1.0,0.041666666666666664,0.05555555555555555,1.0,24000.0,0.041666666666666664,0.0,0.0,0.16666666666666666,0.0,86.0,0.036129074389206726,3.5,4.383333333333334,0.12602522164552235,0.11574326900527011,5823.9095820390185,0,[],negative-14,0.8623723595310039,1
RING-C0016,"[""A001646"",""A002803"",""A003943"",""A005546"",""A005772"",""A007095"",""A007548"",""A007846"",""A008168"",""A008562"",""A008621"",""A010728"",""A013133"",""A014075"",""A014229"",""A015256"",""A015413"",""A017302"",""A017403"",""A017409"",""A018021"",""A018194"",""A018839"",""A020248"",""A025210"",""A027106"",""A027749"",""A028822""]",28,0.85095888064787,0.8579198617571246,0.9827447068864337,0.7069387933641543,0.08906927685634755,0.9545248612540737,47,0.12433862433862433,0.9553191489361705,1.0,30,7,2,8,0,0,8,"[""1"",""15"",""3"",""48"",""57"",""69"",""72"",""83""]",122.0,726180.0,5846.534013605442,9.0,0.07538265306122449,0.07091836734693877,7.0,32990.0,0.061352040816326524,0.0,0.0,0.39285714285714285,0.0,131.0,0.02304344657208971,2.9642857142857144,5.860714285714285,0.1498935356384441,0.14093766383462436,5873.802139021105,1,"[""R005"",""R045"",""R054"",""R055""]",ring-group-0,0.9772228634305351,1
RING-C0017,"[""A001695"",""A002410"",""A002748"",""A003434"",""A003516"",""A005589"",""A005792"",""A007861"",""A008186"",""A009768"",""A009886"",""A010391"",""A011575"",""A014538"",""A017445"",""A017958"",""A018592"",""A018792"",""A020029"",""A021748"",""A022098"",""A023005"",""A023104"",""A024225"",""A025197"",""A025761"",""A026057"",""A026130"",""A027268"",""A027470"",""A029829"",""A029853""]",32,0.8918643919356934,0.9574305203306115,0.9852163004628774,0.729038113868425,0.09642650080304667,0.9827022487125251,77,0.15524193548387097,0.9805194805194806,1.0,42,5,0,30,0,0,7,"[""101"",""26"",""3"",""35"",""4"",""55"",""56""]",127.0,659650.0,4942.866443452382,21.0,0.14758184523809523,0.13076636904761904,19.0,112010.0,0.12845982142857143,0.0,0.0,0.28125,0.0625,114.5,0.02614150651560859,3.3125,8.184375,0.14971035119381196,0.14276141333784254,5992.498588578058,1,"[""R023"",""R036"",""R047"",""R048""]",ring-group-15,0.9956042797430286,1
RING-C0018,"[""A010972"",""A018223"",""A022063""]",3,0.8241497030084753,0.8226734671794625,0.8860308266786191,0.7637448151673445,0.04993396710991455,0.8733593547787878,2,0.6666666666666666,0.85,1.0,1,1,0,0,0,0,2,"[""2"",""8""]",11.0,37990.0,3676.6666666666665,3.0,0.19999999999999998,0.16666666666666666,1.0,7820.0,0.05555555555555553,0.0,0.0,0.6666666666666666,0.0,62.666666666666664,0.03812269209508013,3.3333333333333335,5.0,0.15625798256035076,0.14459379421933316,5779.989016390852,0,[],negative-16,0.06871110938013728,1
RING-C0019,"[""A012255"",""A019680""]",2,0.8611584053722829,0.8611584053722829,0.9240389364977413,0.7982778742468245,0.06288053112545838,0.9114628302726496,1,1.0,0.7,0.7,0,1,0,0,0,0,1,"[""171""]",3.0,16610.0,4777.5,0.0,0.0,0.0,0.0,0.0,0.0,0.0,0.0,0.5,0.0,123.5,0.103366,3.0,0.7,0.0,0.0,4777.5,0,[],negative-17,0.47524952062127734,1
RING-C0020,"[""A008791"",""A009731""]",2,0.9857957265411833,0.9857957265411833,0.9878392003323933,0.9837522527499734,0.0020434737912099488,0.9874305055741512,1,1.0,1.0,1.0,1,0,0,0,0,0,1,"[""1""]",9.0,74590.0,8107.25,1.0,0.1,0.1,1.0,12000.0,0.1,0.0,0.0,0.0,0.0,142.5,0.0122418981481481,3.5,5.45,0.1613426726622852,0.1490846723897571,5926.767478486001,1,"[""R071""]",ring-group-18,0.9628864819151152,1
RING-C0021,"[""A004061"",""A014023"",""A021387"",""A026184""]",4,0.8163798570727361,0.8121215726273749,0.8838947262205532,0.7573815568156415,0.045932915528184265,0.866410045628159,3,0.5,0.9,1.0,0,1,0,2,0,0,2,"[""46"",""71""]",11.0,56540.0,4136.875,1.0,0.0625,0.0625,0.0,0.0,0.0,0.0,0.0,0.0,0.0,68.0,0.0,3.5,4.625,0.14111383543054523,0.12647598934839865,5751.7548059789,0,[],negative-19,0.028057327368710368,0
RING-C0022,"[""A010609"",""A017344""]",2,0.7443021791382913,0.7443021791382913,0.7741104343377682,0.7144939239388146,0.029808255199476774,0.7681487832978728,1,1.0,1.0,1.0,0,0,1,0,0,0,2,"[""21"",""40""]",6.0,18820.0,3338.75,0.0,0.0,0.0,0.0,0.0,0.0,0.0,0.0,0.0,0.0,72.0,0.0,3.5,3.85,0.1311474483947888,0.11760104823269715,5853.007643962863,0,[],negative-20,0.0040451368185124275,0
RING-C0023,"[""A000552"",""A004613""]",2,0.8332219070714602,0.8332219070714602,0.8644242086486462,0.8020196054942741,0.031202301577186065,0.858183748333209,1,1.0,1.0,1.0,1,0,0,0,0,0,1,"[""72""]",11.0,78010.0,6990.666666666666,1.0,0.1,0.16666666666666666,1.0,5600.0,0.1,0.0,0.0,0.0,0.0,100.5,0.01932424812030075,4.0,3.45,0.1555600885443817,0.1473264809652244,5710.896950054018,1,"[""R116""]",ring-group-21,0.216906466341674,1
RING-C0024,"[""A007804"",""A011159"",""A013641"",""A019986"",""A020372"",""A022301"",""A026614"",""A027524"",""A027642""]",9,0.9147009309106446,0.9716055340217148,0.9829421421713821,0.708569818337764,0.09978450336160076,0.9767002212002235,17,0.4722222222222222,0.9647058823529411,1.0,3,2,1,11,0,0,3,"[""19"",""34"",""53""]",35.0,181590.0,5087.509259259259,2.0,0.046296296296296294,0.046296296296296294,3.0,24100.0,0.07407407407407407,0.0,0.0,0.0,0.0,111.55555555555556,0.008883499066830832,3.4444444444444446,7.322222222222223,0.1817127205406775,0.16678442821050343,5670.659338981664,1,"[""R079"",""R117""]",ring-group-22,0.9883211121170444,1
RING-C0025,"[""A003586"",""A017577"",""A028174"",""A029270""]",4,0.920673055825703,0.9226780252715931,0.9682685213972286,0.8690676513623969,0.0351627970110984,0.9552349147548416,3,0.5,1.0,1.0,2,0,0,1,0,0,3,"[""33"",""5"",""52""]",17.0,101150.0,7580.95238095238,2.0,0.07738095238095236,0.07738095238095236,1.0,5390.0,0.0357142857142857,0.0,0.0,0.0,0.0,150.25,0.03166803240740737,3.75,4.8,0.13833592003011055,0.1272004833489728,5904.238370758255,1,"[""R110""]",ring-group-23,0.9892911127967347,1
RING-C0026,"[""A006537"",""A020938"",""A026494""]",3,0.9212355125016057,0.9630441312944616,0.9847250606827589,0.8159373455275966,0.07498130278431557,0.9803888748050994,2,0.6666666666666666,1.0,1.0,0,0,1,1,0,0,2,"[""18"",""91""]",10.0,47560.0,4598.333333333333,1.0,0.08333333333333333,0.08333333333333333,1.0,6670.0,0.08333333333333333,0.0,0.0,0.0,0.0,110.0,0.0125451024487756,3.6666666666666665,6.566666666666666,0.15629934614006097,0.13909597338113264,5728.79231602043,1,"[""R080""]",ring-group-24,0.902148898464511,1
RING-C0027,"[""A001412"",""A001422"",""A002221"",""A003275"",""A003538"",""A003677"",""A003769"",""A004401"",""A004424"",""A004829"",""A005705"",""A007322"",""A008144"",""A011415"",""A012651"",""A013484"",""A017000"",""A020321"",""A020322"",""A023598"",""A025960"",""A026187"",""A026753"",""A028259"",""A029238""]",25,0.8892554497221316,0.9007853986632304,0.9903551282770222,0.7023294802424161,0.08156822193835729,0.9859352990068636,36,0.12,0.9333333333333336,1.0,11,8,5,12,0,0,6,"[""13"",""21"",""40"",""41"",""52"",""90""]",106.0,590290.0,5242.113650793651,8.0,0.09749206349206348,0.07222222222222223,7.0,25980.0,0.08977777777777778,0.0,0.0,0.12,0.0,92.32,0.023366283731920748,3.12,4.948,0.13377491146087872,0.12372805277297473,5712.008008524043,1,"[""R049"",""R076"",""R106""]",ring-group-25,0.9944566368411685,1
RING-C0028,"[""A009140"",""A014314"",""A020626"",""A020807"",""A021249"",""A025486""]",6,0.8017531616179475,0.7871325227528128,0.8963120724559924,0.7113769943629762,0.06499758451035884,0.8833294492783745,6,0.4,0.9,1.0,1,2,0,3,0,0,1,"[""98""]",20.0,94200.0,4525.138888888889,2.0,0.13888888888888887,0.13888888888888887,2.0,10820.0,0.13888888888888887,0.0,0.0,0.0,0.0,138.5,0.03366208918802766,3.3333333333333335,4.466666666666666,0.12714329321472181,0.1207846386417815,5627.616881795453,1,"[""R113""]",ring-group-26,0.9727757079439415,1
RING-C0029,"[""A008964"",""A012434""]",2,0.7115233922530659,0.7115233922530659,0.7165353438094487,0.7065114406966831,0.005011951556382788,0.7155329534981721,1,1.0,1.0,1.0,0,0,1,0,0,0,1,"[""88""]",4.0,21860.0,4376.666666666666,0.0,0.0,0.0,0.0,0.0,0.0,0.0,0.0,0.5,0.0,52.0,0.1537875972645111,3.5,5.85,0.1307953042328042,0.128083664021164,5456.2036210317465,0,[],negative-27,0.0039248519303459635,0
RING-C0030,"[""A002485"",""A003292"",""A003839"",""A005023"",""A008397"",""A009327"",""A012321""]",7,0.9731251397404249,0.9731089734054691,0.9807548882978675,0.9665540431719474,0.004500169700488166,0.9780059572293526,17,0.8095238095238095,0.9647058823529411,1.0,0,2,0,15,0,0,1,"[""46""]",34.0,179020.0,5535.3129251700675,1.0,0.03571428571428571,0.03571428571428571,2.0,14760.0,0.07142857142857142,0.0,0.0,0.0,0.0,108.14285714285714,0.03287486362559798,3.142857142857143,7.271428571428572,0.1409391534391534,0.12639228055894722,5890.839302672635,1,"[""R127""]",ring-group-28,0.9905882086966948,1
RING-C0031,"[""A002082"",""A022896""]",2,0.7218860636685451,0.7218860636685451,0.7390372254484033,0.7047349018886869,0.017151161779858204,0.7356069930924317,1,1.0,1.0,1.0,1,0,0,0,0,0,1,"[""14""]",9.0,33270.0,4424.642857142857,1.0,0.0714285714285714,0.0,1.0,1230.0,0.0714285714285714,0.0,0.0,0.0,0.0,114.0,0.0198959731543624,2.5,3.95,0.1319432807336033,0.1253226970162454,5687.169346692734,0,[],negative-29,0.023115734974245985,0
RING-C0032,"[""A006123"",""A011187"",""A013911"",""A019734""]",4,0.7361920208796818,0.7258082490755329,0.7799352967157767,0.7132162886518851,0.025835253192960542,0.7644572353733763,3,0.5,1.0,1.0,2,0,0,1,0,0,1,"[""83""]",19.0,114240.0,6035.208333333333,1.0,0.04166666666666665,0.04166666666666665,0.0,0.0,0.0,0.0,0.0,0.0,0.0,140.25,0.01850860302010325,3.25,7.800000000000001,0.1425004509379509,0.1322375541125541,5821.065047799422,0,[],negative-30,0.05467930114175195,1
RING-C0033,"[""A005785"",""A025654""]",2,0.7712467112357153,0.7712467112357153,0.7909225119728592,0.7515709104985713,0.019675800737143978,0.7869873518254304,1,1.0,1.0,1.0,1,0,0,0,0,0,1,"[""17""]",6.0,41790.0,7353.75,0.0,0.0,0.0,0.0,0.0,0.0,0.0,0.0,0.0,0.0,112.5,0.0163528368794326,3.5,3.75,0.1385071956380681,0.1276810531005162,5870.189847903774,0,[],negative-31,0.0018055421501465853,0
RING-C0034,"[""A003594"",""A004621"",""A005595"",""A006472"",""A006872"",""A006970"",""A009137"",""A009946"",""A010099"",""A012980"",""A013003"",""A016923"",""A018367"",""A023644"",""A023847"",""A024629"",""A025342"",""A027968"",""A029215""]",19,0.8981645306783361,0.9569534949883041,0.9853046456324692,0.7024423722768384,0.09666764023807697,0.98346262920778,41,0.23976608187134502,0.9780487804878049,1.0,9,3,1,28,0,0,6,"[""34"",""43"",""47"",""59"",""63"",""99""]",82.0,480180.0,5586.334586466165,5.0,0.08959899749373432,0.047493734335839595,6.0,20150.0,0.0606516290726817,0.0,0.0,0.3684210526315789,0.05263157894736842,113.52631578947368,0.023754547393009348,3.473684210526316,7.194736842105263,0.15410797272984517,0.14384277919092006,6080.691219369447,1,"[""R070"",""R105""]",ring-group-32,0.9893492916963175,1
RING-C0035,"[""A011124"",""A023730""]",2,0.8008450899430501,0.8008450899430501,0.8074418937064083,0.7942482861796921,0.006596803763358083,0.8061225329537367,1,1.0,1.0,1.0,1,0,0,0,0,0,1,"[""5""]",6.0,37730.0,7729.0,1.0,0.1,0.1,2.0,17900.0,0.2,0.0,0.0,0.0,0.0,135.0,0.0856855046872626,3.0,4.65,0.1443900208986415,0.1368628816904679,5691.054562295942,0,[],negative-33,0.031285642872182336,1
RING-C0036,"[""A004296"",""A017207""]",2,0.9765808646108559,0.9765808646108559,0.9774916293473435,0.9756700998743684,0.000910764736487546,0.977309476400046,1,1.0,1.0,1.0,0,0,1,0,0,0,2,"[""66"",""79""]",8.0,33810.0,4226.25,1.0,0.125,0.125,1.0,4240.0,0.125,0.0,0.0,0.0,0.0,117.5,0.053598286664772954,4.0,5.800000000000001,0.13022049186430376,0.12646772119291075,5572.662616470478,1,"[""R083""]",ring-group-34,0.9118212220798453,1
RING-C0037,"[""A000696"",""A021481""]",2,0.7371263215300394,0.7371263215300394,0.7598864679735441,0.7143661750865348,0.02276014644350466,0.7553344386848432,1,1.0,1.0,1.0,0,0,0,1,0,0,1,"[""21""]",5.0,28440.0,4368.75,1.0,0.125,0.125,1.0,12000.0,0.125,0.0,0.0,0.0,0.0,99.0,0.0617511520737327,3.5,6.050000000000001,0.132929216173897,0.1225921832304811,5723.462247563311,0,[],negative-35,0.0020925348246666332,0
RING-C0038,"[""A006836"",""A007449"",""A008410"",""A016077"",""A021301""]",5,0.8847248583927254,0.8808222972944509,0.9628255158147021,0.7555428562096724,0.07267500420505403,0.9555241632656453,5,0.5,1.0,1.0,4,0,0,1,0,0,2,"[""100"",""63""]",16.0,105920.0,6227.0,3.0,0.2,0.1,3.0,30840.0,0.2,0.0,0.0,0.2,0.0,136.6,0.015204942100856822,3.4,5.999999999999999,0.14810940994845861,0.14206708145590885,5766.884840058541,1,"[""R068""]",ring-group-36,0.9944065182661298,1
RING-C0039,"[""A014324"",""A017623"",""A021265"",""A027042""]",4,0.8888694993412897,0.8984635750692709,0.9342017355577321,0.8243491116688848,0.04219373855406808,0.9291694678612774,3,0.5,1.0,1.0,3,0,0,0,0,0,1,"[""92""]",13.0,106040.0,8128.0,4.0,0.5416666666666666,0.375,2.0,27360.0,0.25,0.0,0.0,0.25,0.25,94.75,0.021215313828072523,3.75,6.0,0.1526814058956916,0.1320384972170686,5913.955413832199,1,"[""R125""]",ring-group-37,0.9925647414972699,1
RING-C0040,"[""A021068"",""A023879"",""A026882""]",3,0.9238906281888601,0.9764222633785629,0.9837400474318735,0.8115095737561439,0.079521542311584,0.9822764906212114,2,0.6666666666666666,0.85,1.0,0,1,1,0,0,0,2,"[""22"",""54""]",16.0,92390.0,5751.083333333333,5.0,0.30277777777777776,0.35833333333333334,5.0,13310.0,0.30277777777777776,0.0,0.0,0.0,0.0,86.33333333333333,0.018823039313324436,3.0,4.033333333333334,0.14891686005268445,0.13634263101938068,5604.462721598546,1,"[""R011""]",ring-group-38,0.988165062225299,1
RING-C0041,"[""A010061"",""A029323""]",2,0.7074158733445801,0.7074158733445801,0.7098795072258659,0.7049522394632943,0.002463633881285787,0.7093867804496088,1,1.0,1.0,1.0,0,0,0,1,0,0,1,"[""25""]",11.0,47830.0,3965.4166666666665,4.0,0.2857142857142857,0.25,3.0,17740.0,0.1875,0.0,0.0,0.0,0.0,56.0,0.01097368206521735,3.5,4.6,0.1892716778171323,0.1582644628099173,5452.640846123573,0,[],negative-39,0.009801238454171014,0
RING-C0042,"[""A001693"",""A003075"",""A004471""]",3,0.7511056147712697,0.7554484010894152,0.7722176185083792,0.7256508247160143,0.019257230949766453,0.7688637750245865,2,0.6666666666666666,1.0,1.0,2,0,0,0,0,0,2,"[""29"",""57""]",14.0,52700.0,3627.3333333333335,1.0,0.05555555555555553,0.05555555555555553,1.0,8310.0,0.05555555555555553,0.0,0.0,0.0,0.0,125.33333333333333,0.03504621908617003,3.0,6.266666666666667,0.14731511688502072,0.14009637076501644,5582.971820470549,0,[],negative-40,0.021029977103253352,0
RING-C0043,"[""A000640"",""A005254"",""A008235"",""A011017"",""A011252"",""A021149"",""A023826"",""A025653"",""A028761""]",9,0.8175942875966978,0.810029621646023,0.918336528026695,0.704482450122475,0.06433719922594268,0.8958823493261229,11,0.3055555555555556,0.9454545454545453,1.0,7,2,0,2,0,0,4,"[""15"",""4"",""41"",""58""]",28.0,150790.0,4514.2129629629635,2.0,0.027777777777777776,0.027777777777777776,2.0,14430.0,0.027777777777777776,0.0,0.0,0.3333333333333333,0.0,125.44444444444444,0.03933364202554259,3.0,4.7444444444444445,0.1438609380458643,0.13995574951722628,5983.4809115701455,1,"[""R053""]",ring-group-41,0.9489631900988883,1
RING-C0044,"[""A000031"",""A001927"",""A002373"",""A003069"",""A003834"",""A004267"",""A004977"",""A007870"",""A010607"",""A012468"",""A016683"",""A021497"",""A022328"",""A024396"",""A027496"",""A028103"",""A029823""]",17,0.8422606119366992,0.8276971027257484,0.9896148349488549,0.7075057455836343,0.07832472206584008,0.9476181337546551,28,0.20588235294117646,0.9892857142857142,1.0,9,1,1,17,0,0,5,"[""10"",""2"",""30"",""59"",""66""]",66.0,407200.0,5671.27380952381,9.0,0.16092436974789917,0.16092436974789917,9.0,48510.0,0.16092436974789917,1.0,0.008403361344537811,0.0,0.058823529411764705,116.29411764705883,0.018175979041213527,3.3529411764705883,7.205882352941177,0.14340254463591304,0.1327447089030188,5538.73151762923,1,"[""R012"",""R102""]",ring-group-42,0.986436208204614,1
RING-C0045,"[""A007799"",""A011788"",""A017433"",""A022396"",""A024780""]",5,0.873142426276759,0.8605838743819721,0.9732445589620069,0.7973509024847586,0.0654221954603877,0.9516547436683008,5,0.5,0.8800000000000001,1.0,0,2,0,3,0,0,3,"[""22"",""23"",""53""]",24.0,152070.0,6283.866666666667,2.0,0.05,0.05714285714285714,2.0,5310.0,0.05,0.0,0.0,0.0,0.2,84.8,0.021032979913872464,3.0,4.88,0.16846071121015416,0.15471339633598638,5633.07769581814,1,"[""R123""]",ring-group-43,0.98528490238479,1
RING-C0046,"[""A007280"",""A007372"",""A008373"",""A018299"",""A022348"",""A025954""]",6,0.8627214921603006,0.8611360715854881,0.9742806936855277,0.7463375709793515,0.0851040327501698,0.9670994732179883,6,0.4,1.0,1.0,3,0,0,3,0,0,2,"[""43"",""6""]",25.0,169310.0,6710.972222222223,5.0,0.15277777777777776,0.15277777777777776,5.0,31020.0,0.15277777777777776,0.0,0.0,0.0,0.0,135.0,0.011059037764994133,3.1666666666666665,6.433333333333334,0.13584257758515697,0.12308310446480854,6045.492746905221,1,"[""R119""]",ring-group-44,0.9857952417628885,1
RING-C0047,"[""A000415"",""A003466"",""A003724"",""A004876"",""A005839"",""A011285"",""A013517"",""A015458"",""A016177"",""A017667"",""A018591"",""A020473"",""A026287""]",13,0.9000921928939023,0.9237990258030586,0.9787170186698089,0.7220067172394778,0.08739409362894268,0.9774026847620046,16,0.20512820512820512,0.98125,1.0,5,1,0,10,0,0,5,"[""12"",""21"",""30"",""71"",""78""]",49.0,270990.0,5073.277472527473,5.0,0.0943223443223443,0.08333333333333333,5.0,29160.0,0.0943223443223443,0.0,0.0,0.3076923076923077,0.0,97.38461538461539,0.037506125405321486,3.5384615384615383,6.300000000000001,0.13605821164192858,0.12562878534328462,5582.330949637146,1,"[""R044"",""R068"",""R118""]",ring-group-36,0.9877178697680452,1
RING-C0048,"[""A000795"",""A005495"",""A021902"",""A029918""]",4,0.8326392502671709,0.833362380426201,0.9511088563468599,0.7127233838694212,0.10002515512530186,0.9386363866046686,4,0.6666666666666666,0.925,1.0,3,1,0,0,0,0,3,"[""15"",""51"",""79""]",13.0,39070.0,2864.7916666666665,1.0,0.0625,0.0625,0.0,0.0,0.0,0.0,0.0,0.25,0.0,108.5,0.011039000546204875,3.25,5.525,0.14395842281312624,0.13759379384752052,6052.600018205645,0,[],negative-45,0.11736846858080728,1
RING-C0049,"[""A011422"",""A016660"",""A018056"",""A021255"",""A023273"",""A025368"",""A026133""]",7,0.8244788470295699,0.798556765622038,0.91876128828643,0.7172283334807678,0.07670226693755781,0.9100930724611326,8,0.38095238095238093,0.925,1.0,2,2,0,4,0,0,2,"[""38"",""41""]",34.0,237180.0,6832.119047619047,1.0,0.028571428571428574,0.0238095238095238,2.0,9120.0,0.05952380952380952,0.0,0.0,0.14285714285714285,0.0,95.14285714285714,0.019271611081308312,2.857142857142857,6.671428571428571,0.13325159618172727,0.12190407658890132,5581.364400031287,1,"[""R133""]",ring-group-46,0.918572072306996,1
RING-C0050,"[""A009338"",""A012427"",""A014578"",""A029236""]",4,0.8800696727597637,0.894047290773132,0.9401077249240692,0.7920763845687214,0.057869106176962525,0.9349252178250472,5,0.8333333333333334,1.0,1.0,3,0,0,2,0,0,1,"[""1""]",9.0,45940.0,5435.416666666666,0.0,0.0,0.0,0.0,0.0,0.0,0.0,0.0,0.5,0.0,97.75,0.0,3.25,5.625,0.1613426726622852,0.1490846723897571,5926.767478486001,1,"[""R104""]",ring-group-47,0.9171053583907673,1
RING-C0051,"[""A000127"",""A026098""]",2,0.7448540649266842,0.7448540649266842,0.7532971266081611,0.7364110032452074,0.008443061681476849,0.7516085142718657,1,1.0,1.0,1.0,1,0,0,0,0,0,1,"[""16""]",8.0,28500.0,3554.0,3.0,0.3,0.3,1.0,4480.0,0.1,0.0,0.0,0.0,0.0,145.0,0.01111788617886175,2.0,2.9,0.1408156596283686,0.1327570515697606,5543.768918929454,0,[],negative-48,0.3269378685432341,1
RING-C0052,"[""A009892"",""A011689""]",2,0.826155070744055,0.826155070744055,0.8438779198663646,0.8084322216217456,0.017722849122309536,0.8403333500419027,1,1.0,0.7,0.7,0,1,0,0,0,0,1,"[""15""]",4.0,29580.0,7395.0,0.0,0.0,0.0,0.0,0.0,0.0,0.0,0.0,0.0,0.0,149.0,0.0,2.5,1.2,0.1463108320251177,0.1406700626800294,6345.365336859523,1,"[""R136""]",ring-group-49,0.7962191313120847,1
RING-C0053,"[""A002908"",""A004916"",""A012167"",""A012201"",""A018651"",""A021522"",""A027247"",""A028602""]",8,0.8392398936535069,0.8120321720047603,0.9771215271174669,0.7659303093035641,0.07049766368305377,0.9259459532842991,12,0.42857142857142855,0.9499999999999998,1.0,3,2,0,7,0,0,2,"[""19"",""56""]",33.0,195990.0,6017.354166666666,5.0,0.125,0.125,5.0,38690.0,0.125,0.0,0.0,0.0,0.0,115.25,0.028821300812329313,3.625,7.025,0.16859544189381517,0.15740199871193022,5815.130791397273,1,"[""R101"",""R134""]",ring-group-50,0.9911795711883314,1
RING-C0054,"[""A023210"",""A026674"",""A029543""]",3,0.8047449593083945,0.7638707591700671,0.8913559663722691,0.7590081523828476,0.06127539552248613,0.8658589249318287,2,0.6666666666666666,0.85,1.0,0,1,0,1,0,0,1,"[""1""]",16.0,82040.0,4222.962962962963,2.0,0.07407407407407407,0.07407407407407407,2.0,9330.0,0.07407407407407407,1.0,0.05555555555555553,0.0,0.0,95.33333333333333,0.019785432835697902,2.0,4.533333333333333,0.1613426726622852,0.1490846723897571,5926.767478486002,0,[],negative-51,0.0564645002743355,1
RING-C0055,"[""A008247"",""A017704"",""A029873""]",3,0.8048369730809758,0.8172243767036972,0.8352911387400699,0.7619954037991605,0.03117853980455325,0.8316777863327953,2,0.6666666666666666,0.85,1.0,1,1,0,0,0,0,1,"[""37""]",8.0,67190.0,9750.833333333334,1.0,0.16666666666666666,0.1111111111111111,1.0,2750.0,0.1111111111111111,0.0,0.0,0.0,0.0,156.66666666666666,0.0,3.0,3.3000000000000003,0.1488745771532656,0.1329446396044756,5820.8838472547495,1,"[""R124""]",ring-group-52,0.13622064218866053,1
RING-C0056,"[""A025606"",""A029868""]",2,0.8119170289040823,0.8119170289040823,0.8420084586141938,0.7818255991939709,0.030091429710111472,0.8359901726721716,1,1.0,1.0,1.0,0,0,0,1,0,0,1,"[""52""]",5.0,33170.0,7337.5,0.0,0.0,0.0,0.0,0.0,0.0,0.0,0.0,0.0,0.0,133.0,0.00842276422764225,4.0,7.0,0.1242361989043405,0.1086845062508779,6190.036557100716,0,[],negative-53,0.03706293919187675,1
RING-C0057,"[""A016540"",""A018488""]",2,0.8808403522705516,0.8808403522705516,0.9345240822016491,0.8271566223394541,0.05368372993109749,0.9237873362154295,1,1.0,1.0,1.0,1,0,0,0,0,0,1,"[""95""]",12.0,76870.0,6490.0,1.0,0.0625,0.0833333333333333,1.0,8350.0,0.0625,0.0,0.0,0.0,0.0,95.0,0.0,3.5,4.7,0.1194253458959341,0.1075290722349545,5917.029674369747,1,"[""R030""]",ring-group-54,0.8254371578178848,1
RING-C0058,"[""A006953"",""A027983""]",2,0.8567837248537933,0.8567837248537933,0.9153280009989285,0.7982394487086582,0.05854427614513519,0.9036191457699015,1,1.0,1.0,1.0,1,0,0,0,0,0,1,"[""44""]",10.0,39490.0,3677.5,1.0,0.0833333333333333,0.0833333333333333,1.0,2160.0,0.0833333333333333,0.0,0.0,0.0,0.0,76.0,0.0310904765962281,2.5,3.75,0.1591393135696933,0.1445823515443768,5596.430446721586,0,[],negative-55,0.036055143433852646,1
RING-C0059,"[""A003562"",""A011437""]",2,0.7496391206790409,0.7496391206790409,0.7530742010018666,0.7462040403562153,0.0034350803228256344,0.7523871849373015,1,1.0,1.0,1.0,0,0,1,0,0,0,2,"[""43"",""81""]",12.0,35590.0,2852.142857142857,1.0,0.1,0.25,1.0,1830.0,0.1,0.0,0.0,1.0,0.0,75.0,0.0365786947183732,4.0,8.3,0.13347612130174255,0.11954568969031375,5899.369722984135,0,[],negative-56,0.004020468405998399,0
RING-C0060,"[""A006579"",""A015464"",""A022143"",""A029232"",""A029656""]",5,0.8727533156644398,0.8559492900515291,0.9831404299766441,0.8095374554886436,0.059620274389398084,0.9411479920984349,5,0.5,1.0,1.0,2,0,0,3,0,0,1,"[""84""]",22.0,191140.0,8931.766666666666,1.0,0.06666666666666667,0.06666666666666667,0.0,0.0,0.0,0.0,0.0,0.0,0.0,110.8,0.048125751315004815,3.0,4.88,0.1416443452380952,0.1238318452380952,5912.54705312049,1,"[""R059""]",ring-group-57,0.9843911524170735,1
RING-C0061,"[""A009360"",""A015155"",""A019002""]",3,0.8266751383224836,0.7707393036938549,0.982389517145267,0.7268965941283292,0.11155199572287866,0.9400594744549846,2,0.6666666666666666,1.0,1.0,2,0,0,0,0,0,1,"[""66""]",10.0,78500.0,7943.333333333333,1.0,0.08333333333333333,0.0,1.0,6570.0,0.08333333333333333,0.0,0.0,0.0,0.0,136.33333333333334,0.05860140138339126,2.6666666666666665,3.1,0.1103224225145407,0.1050995392128397,5324.368920214979,1,"[""R091""]",ring-group-58,0.2834129405698077,1
RING-C0062,"[""A008034"",""A018219"",""A024725""]",3,0.828855558508686,0.8257938319540062,0.8499420932845805,0.8108307502874715,0.016113243308556256,0.8451124410184656,3,1.0,1.0,1.0,0,0,0,3,0,0,1,"[""9""]",10.0,38110.0,3555.0,0.0,0.0,0.0,0.0,0.0,0.0,0.0,0.0,0.6666666666666666,0.0,198.0,0.022815816391765734,2.6666666666666665,3.6,0.1615174299384825,0.1450620758670294,5488.161316839335,1,"[""R062""]",ring-group-59,0.1299606334399083,1
RING-C0063,"[""A000609"",""A002134"",""A005117"",""A008032"",""A008793"",""A011963"",""A013688"",""A016178"",""A016300"",""A017896"",""A022710"",""A023425"",""A023766"",""A027547"",""A027851"",""A029521""]",16,0.839452457979432,0.8206161223934679,0.9755480155940579,0.7318510576875368,0.08189838595425541,0.9679094660971963,17,0.14166666666666666,0.9294117647058824,1.0,7,4,5,1,0,0,7,"[""2"",""30"",""64"",""68"",""72"",""80"",""94""]",76.0,397960.0,4986.319196428571,16.0,0.2168154761904762,0.20223214285714283,14.0,75130.0,0.17529761904761906,0.0,0.0,0.3125,0.125,123.125,0.024551966508428107,3.375,5.606249999999999,0.15687370395080055,0.14582412866221475,5651.97297654408,1,"[""R096"",""R128"",""R130""]",ring-group-60,0.9947517719059779,1
RING-C0064,"[""A002964"",""A010756"",""A011211"",""A012303"",""A013686"",""A013946"",""A015348"",""A019996"",""A021429"",""A023928""]",10,0.8621391202781277,0.8713806464903033,0.9246176877687238,0.7304897691894484,0.060012420685301326,0.9241463046769964,18,0.4,0.9333333333333333,1.0,11,4,0,3,0,0,2,"[""16"",""92""]",25.0,135630.0,5180.066666666667,1.0,0.02,0.0,1.0,9000.0,0.02,0.0,0.0,0.8,0.0,147.2,0.04085576458792715,3.0,5.370000000000001,0.150308256642227,0.132182208087607,5839.918114851649,1,"[""R069""]",ring-group-61,0.9869292784662251,1
RING-C0065,"[""A009216"",""A013661""]",2,0.7719968008855471,0.7719968008855471,0.791150445034385,0.7528431567367093,0.019153644148837856,0.7873197162046175,1,1.0,1.0,1.0,1,0,0,0,0,0,1,"[""37""]",13.0,74010.0,5418.809523809524,1.0,0.0714285714285714,0.0714285714285714,1.0,24000.0,0.0714285714285714,0.0,0.0,1.0,0.5,185.0,0.0112567287784679,2.5,7.65,0.1488745771532656,0.1329446396044756,5820.8838472547495,0,[],negative-62,0.022518693054923385,0
RING-C0066,"[""A002144"",""A003102"",""A008012"",""A008659"",""A010368"",""A021444"",""A022581""]",7,0.8781985044975029,0.9056925220181059,0.9847538443725163,0.7078709324858709,0.10990381445456915,0.9813747540583189,7,0.3333333333333333,0.9571428571428572,1.0,4,1,2,0,0,0,3,"[""19"",""35"",""43""]",26.0,201090.0,7324.523809523809,4.0,0.19047619047619047,0.15476190476190474,4.0,15270.0,0.14285714285714285,0.0,0.0,0.42857142857142855,0.0,110.85714285714286,0.05542793865479069,3.5714285714285716,7.171428571428572,0.13619862957596132,0.12405916339036015,6037.631985586267,1,"[""R029"",""R065""]",ring-group-63,0.9906219195710649,1
RING-C0067,"[""A007121"",""A016919"",""A022705"",""A023659""]",4,0.8041406041331483,0.8328242079281598,0.8442622825361001,0.7066517181401732,0.05652082908094517,0.8417576187783632,3,0.5,0.9,1.0,1,1,0,1,0,0,2,"[""21"",""57""]",14.0,70960.0,4364.75,1.0,0.0625,0.0625,1.0,2010.0,0.0625,0.0,0.0,0.0,0.25,60.0,0.0063154925323962,3.0,3.5500000000000003,0.13418719358250975,0.12497617739934523,5698.895462127511,0,[],negative-64,0.05491217125033824,1
RING-C0068,"[""A002799"",""A006548"",""A016965"",""A025567"",""A028240""]",5,0.8069062515504747,0.7966595568742844,0.9723912150718196,0.7098824995510558,0.09681372108991335,0.9202699116308034,5,0.5,0.8800000000000001,1.0,3,2,0,0,0,0,2,"[""68"",""76""]",20.0,102990.0,4755.966666666667,6.0,0.37,0.35666666666666663,4.0,21700.0,0.20666666666666664,0.0,0.0,0.0,0.8,91.2,0.03402604364326374,3.2,5.06,0.18577464170619906,0.16032352929402105,5538.16755204601,1,"[""R018""]",ring-group-65,0.9753814742166863,1
RING-C0069,"[""A015632"",""A029561""]",2,0.8074180423082559,0.8074180423082559,0.8230619437414574,0.7917741408750544,0.01564390143320149,0.819933163454817,1,1.0,1.0,1.0,0,0,0,1,0,0,1,"[""22""]",7.0,64660.0,10859.166666666668,0.0,0.0,0.0,0.0,0.0,0.0,0.0,0.0,0.0,0.0,118.5,0.0095936302681992,2.5,4.7,0.1345949325486692,0.1266570124221369,5602.0137637175,0,[],negative-66,0.0033790534579521553,0
RING-C0070,"[""A013169"",""A025348""]",2,0.7917439708768365,0.7917439708768365,0.8227562724695251,0.7607316692841478,0.03101230159268864,0.8165538121509873,1,1.0,1.0,1.0,0,0,0,1,0,0,1,"[""47""]",8.0,61820.0,5774.285714285715,0.0,0.0,0.0,0.0,0.0,0.0,0.0,0.0,0.0,0.0,197.0,0.00537571575392745,2.5,4.05,0.1347730833782335,0.1258589884126364,5770.076491462757,0,[],negative-67,0.003735075180634679,0
RING-C0071,"[""A002696"",""A011436""]",2,0.7163615373596169,0.7163615373596169,0.7310587849786028,0.7016642897406311,0.014697247618985831,0.7281193354548056,1,1.0,1.0,1.0,0,0,0,1,0,0,1,"[""84""]",8.0,45520.0,5866.666666666666,2.0,0.2,0.25,2.0,7180.0,0.2,0.0,0.0,0.0,0.0,175.0,0.018458074711524698,3.5,7.050000000000001,0.1416443452380952,0.1238318452380952,5912.54705312049,0,[],negative-68,0.016156035612611683,0
RING-C0072,"[""A002848"",""A012205"",""A022120""]",3,0.8672582116640394,0.8564719442332582,0.8904224271248303,0.8548802636340298,0.016392458026339374,0.8836323305465159,3,1.0,1.0,1.0,3,0,0,0,0,0,1,"[""25""]",17.0,124760.0,7476.767676767678,5.0,0.39393939393939387,0.39393939393939387,2.0,8370.0,0.0606060606060606,0.0,0.0,0.0,0.0,78.33333333333333,0.04410583063594493,3.3333333333333335,6.166666666666667,0.1892716778171323,0.1582644628099173,5452.640846123573,1,"[""R030""]",ring-group-54,0.7936313066699953,1
RING-C0073,"[""A000977"",""A015576"",""A018650""]",3,0.7983046219069855,0.7957143329769144,0.8075267409262056,0.7916727918178366,0.0067265208014557504,0.8051642593363474,3,1.0,1.0,1.0,3,0,0,0,0,0,2,"[""0"",""47""]",25.0,152510.0,6197.946127946128,7.0,0.2821548821548822,0.2888888888888889,7.0,44240.0,0.2821548821548822,0.0,0.0,0.0,0.0,94.66666666666667,0.007768576150446901,3.3333333333333335,5.666666666666667,0.13874122241979095,0.1323233553736454,5643.557767053421,1,"[""R002""]",ring-group-69,0.8868349573324155,1
RING-C0074,"[""A001276"",""A004271"",""A007154"",""A014556"",""A014709"",""A023919"",""A024672"",""A025891""]",8,0.8195452448581519,0.8353531813358772,0.9068989034482807,0.7054251157514939,0.06581342620751791,0.8912814476401894,17,0.6071428571428571,0.9823529411764705,1.0,0,1,0,16,0,0,2,"[""38"",""58""]",24.0,137780.0,5700.104166666666,5.0,0.13541666666666666,0.25,5.0,33070.0,0.13541666666666666,0.0,0.0,0.0,0.0,110.5,0.016655903700396574,3.5,6.85,0.14716448902819684,0.1429080540291865,5939.228931916514,0,[],negative-70,0.25130662335410053,1
RING-C0075,"[""A015573"",""A020419""]",2,0.9235998781292898,0.9235998781292898,0.9831350777660134,0.8640646784925662,0.0595351996367236,0.9712280378386686,1,1.0,1.0,1.0,0,0,1,0,0,0,2,"[""15"",""32""]",12.0,89260.0,7247.5,2.0,0.3333333333333333,0.25,2.0,14740.0,0.25,0.0,0.0,0.5,0.0,135.5,0.0,3.5,5.050000000000001,0.15448851743494596,0.1483022030571864,5922.870411077325,0,[],negative-71,0.9429720802534299,1
RING-C0076,"[""A002796"",""A005122"",""A010538"",""A017475"",""A018975"",""A019983"",""A024122"",""A024263"",""A027334"",""A027549"",""A027918""]",11,0.8428317898674197,0.8252435098893918,0.9869669882736077,0.710355516885212,0.09235353214155742,0.9516274801736192,22,0.4,1.0,1.0,17,0,0,5,0,0,3,"[""22"",""36"",""56""]",52.0,305370.0,6093.537878787878,0.0,0.0,0.0,0.0,0.0,0.0,0.0,0.0,1.0909090909090908,0.0,50.0,0.034942951848057575,3.1818181818181817,7.1,0.16080140052570185,0.14932655983970092,5813.4432049258085,1,"[""R050""]",ring-group-72,0.8712403618394313,1
RING-C0077,"[""A009701"",""A009743""]",2,0.8555029403529457,0.8555029403529457,0.8621586094068571,0.8488472712990344,0.0066556690539113506,0.8608274755960748,1,1.0,1.0,1.0,0,0,1,0,0,0,1,"[""64""]",4.0,16230.0,4057.5,0.0,0.0,0.0,0.0,0.0,0.0,0.0,0.0,2.0,0.0,114.5,0.0135279126213592,2.0,1.6,0.1622169363755902,0.1510791158627697,5839.845235160139,0,[],negative-73,0.08295002881636743,1
RING-C0078,"[""A005237"",""A009001""]",2,0.7399172787066368,0.7399172787066368,0.7705330721492257,0.7093014852640479,0.030615793442588912,0.764409913460708,1,1.0,1.0,1.0,0,0,0,1,0,0,1,"[""31""]",6.0,40020.0,5598.75,1.0,0.25,0.125,1.0,8840.0,0.125,0.0,0.0,0.5,0.5,37.5,0.036100681818181796,2.5,3.3000000000000003,0.169340596956876,0.145779710169245,6154.101177891876,0,[],negative-74,0.00974462429862045,0
RING-C0079,"[""A017320"",""A026827""]",2,0.7909368041226403,0.7909368041226403,0.8680681400715314,0.7138054681737493,0.07713133594889104,0.8526418728817532,1,1.0,1.0,1.0,1,0,0,0,0,0,2,"[""15"",""62""]",6.0,36090.0,6315.0,3.0,0.5,0.5,3.0,8890.0,0.5,0.0,0.0,0.0,0.0,158.5,0.0,3.0,5.1,0.15279865289263778,0.1456777441827275,5954.3112854268,1,"[""R001""]",ring-group-75,0.8631784653018305,1
RING-C0080,"[""A008454"",""A014089"",""A028693""]",3,0.8527370345270415,0.8488102606285831,0.984118084188777,0.7252827587637647,0.10570555358133656,0.9570565194767382,2,0.6666666666666666,1.0,1.0,0,0,0,2,0,0,1,"[""7""]",11.0,108830.0,9682.0,1.0,0.1111111111111111,0.16666666666666666,1.0,8500.0,0.1111111111111111,0.0,0.0,0.0,0.0,125.0,0.0057256209150326675,4.0,6.8,0.1608712868328252,0.1545170641324487,6036.212741318511,0,[],negative-76,0.11866618549952901,1
RING-C0081,"[""A001515"",""A016970""]",2,0.7592227466925076,0.7592227466925076,0.7800192233391693,0.7384262700458458,0.020796476646661732,0.7758599280098369,1,1.0,1.0,1.0,1,0,0,0,0,0,1,"[""36""]",7.0,33640.0,3998.5,1.0,0.1,0.125,1.0,4260.0,0.1,0.0,0.0,0.0,0.0,90.5,0.0,3.5,4.9,0.1518542860648123,0.1387454088871093,5677.940645499351,0,[],negative-77,0.01531590274623907,0
RING-C0082,"[""A010212"",""A021568"",""A025542""]",3,0.7866310775740805,0.7677994779573352,0.8476415779729624,0.744452176791944,0.044181330801733754,0.8316731579698369,2,0.6666666666666666,1.0,1.0,2,0,0,0,0,0,2,"[""100"",""38""]",18.0,93890.0,5192.603174603175,0.0,0.0,0.0,0.0,0.0,0.0,0.0,0.0,0.0,0.0,118.0,0.022105998833479135,3.0,6.733333333333333,0.14659722819722093,0.13892493319448196,5694.427730602663,0,[],negative-78,0.11212879975032951,1
RING-C0083,"[""A021703"",""A023650"",""A026812""]",3,0.8013460442711349,0.7570499481648805,0.8927703951403697,0.7542177895081545,0.06465711731670862,0.8656263057452719,2,0.6666666666666666,1.0,1.0,1,0,0,1,0,0,2,"[""23"",""69""]",11.0,72080.0,5165.0,1.0,0.08333333333333333,0.08333333333333333,0.0,0.0,0.0,0.0,0.0,0.0,0.0,129.33333333333334,0.040163837454347866,4.0,6.933333333333334,0.15236794306780996,0.13798343322522555,6064.819561209054,0,[],negative-79,0.04665889346379951,1
RING-C0084,"[""A019879"",""A020007""]",2,0.8809628847457278,0.8809628847457278,0.8861953228585883,0.8757304466328674,0.005232438112860449,0.8851488352360162,1,1.0,1.0,1.0,1,0,0,0,0,0,1,"[""85""]",9.0,40470.0,4534.25,3.0,0.325,0.325,3.0,10470.0,0.325,0.0,0.0,0.0,0.5,162.0,0.03275271345212155,3.5,4.1,0.1301237895577518,0.1172461361140606,5738.010250755534,1,"[""R140""]",ring-group-80,0.8774053519754056,1
RING-C0085,"[""A010983"",""A028398""]",2,0.7998182257907347,0.7998182257907347,0.8866365919226411,0.7129998596588283,0.08681836613190641,0.8692729186962598,1,1.0,1.0,1.0,1,0,0,0,0,0,1,"[""44""]",6.0,53560.0,10075.0,0.0,0.0,0.0,0.0,0.0,0.0,0.0,0.0,1.0,0.0,104.5,0.055020406981361805,3.0,6.35,0.1591393135696933,0.1445823515443768,5596.430446721586,0,[],negative-81,0.005821650955593933,0
RING-C0086,"[""A008393"",""A010359""]",2,0.8540972599500787,0.8540972599500787,0.9080813186187631,0.8001132012813942,0.05398405866868444,0.8972845068850261,1,1.0,0.7,0.7,0,1,0,0,0,0,1,"[""25""]",7.0,54930.0,7705.0,0.0,0.0,0.0,0.0,0.0,0.0,0.0,0.0,1.0,0.0,143.0,0.01569499999999995,2.0,2.8499999999999996,0.1892716778171323,0.1582644628099173,5452.640846123573,0,[],negative-82,0.0810590175860655,1
RING-C0087,"[""A007243"",""A014882"",""A015614"",""A023287"",""A023729"",""A029370""]",6,0.8836791258509079,0.8992709943234993,0.9645767045381262,0.7633058106818159,0.06603052149134749,0.9468037179193574,7,0.4666666666666667,1.0,1.0,3,0,0,4,0,0,4,"[""11"",""15"",""2"",""40""]",17.0,65830.0,4000.555555555555,1.0,0.08333333333333333,0.08333333333333333,1.0,2550.0,0.08333333333333333,0.0,0.0,0.0,0.0,118.33333333333333,0.0,3.0,6.099999999999999,0.14986252998285207,0.13949297246955428,5870.999219971993,1,"[""R122""]",ring-group-83,0.9483034905768493,1
RING-C0088,"[""A000404"",""A001775"",""A005759"",""A010825"",""A013293"",""A013487"",""A027484"",""A029523""]",8,0.8499218946481042,0.8455813130926759,0.9602319252229267,0.769774765719163,0.06858625553965836,0.9462813584882273,14,0.5,1.0,1.0,4,0,1,9,0,0,1,"[""6""]",33.0,208730.0,6310.619047619048,3.0,0.16785714285714284,0.10535714285714284,3.0,20550.0,0.10535714285714284,0.0,0.0,0.0,0.0,134.0,0.04811236227150906,3.0,7.9375,0.1423937975961097,0.1325270667033672,5556.351477199743,1,"[""R064""]",ring-group-84,0.9893077941361434,1
RING-C0089,"[""A000153"",""A007205"",""A008565"",""A014015""]",4,0.89229420070978,0.8928746370647649,0.9193782893098694,0.8640492393997212,0.02257655926967045,0.9162027781333356,3,0.5,0.9,1.0,2,1,0,0,0,0,3,"[""12"",""65"",""7""]",14.0,91690.0,6300.833333333333,2.0,0.125,0.0625,2.0,12040.0,0.10416666666666666,0.0,0.0,0.5,0.0,126.0,0.02846605951378815,3.25,4.4,0.15238105476318356,0.1426639996263977,5971.641837724312,1,"[""R031""]",ring-group-85,0.9939133395671701,1
RING-C0090,"[""A004739"",""A015224""]",2,0.7385011016182448,0.7385011016182448,0.7599883780128763,0.7170138252236132,0.02148727639463155,0.75569092273395,1,1.0,0.7,0.7,0,1,0,0,0,0,1,"[""5""]",4.0,34840.0,8710.0,1.0,0.25,0.25,1.0,16150.0,0.25,0.0,0.0,0.5,0.0,133.0,0.0,2.5,3.4000000000000004,0.1443900208986415,0.1368628816904679,5691.054562295942,0,[],negative-86,0.051101609563016064,1
RING-C0091,"[""A012536"",""A023002""]",2,0.8982704894383803,0.8982704894383803,0.918175281227666,0.8783656976490946,0.019904791789285725,0.9141943228698088,1,1.0,0.7,0.7,0,1,0,0,0,0,2,"[""33"",""67""]",10.0,81750.0,7300.833333333333,1.0,0.0833333333333333,0.0,1.0,24000.0,0.0833333333333333,0.0,0.0,0.5,0.0,92.0,0.0,3.5,5.25,0.14534759558996005,0.13672516189338846,6036.691087429537,1,"[""R125""]",ring-group-37,0.9103225486088224,1
RING-C0092,"[""A001075"",""A008174"",""A019003"",""A021758"",""A023172"",""A029644""]",6,0.8707766233415093,0.8890159112525189,0.9826222475888934,0.7342458754318694,0.10942819919132286,0.9805263731151368,5,0.3333333333333333,1.0,1.0,3,0,1,1,0,0,2,"[""3"",""81""]",21.0,92290.0,3885.722222222222,5.0,0.25555555555555554,0.19999999999999998,5.0,30320.0,0.19999999999999998,1.0,0.03333333333333333,0.3333333333333333,0.0,170.33333333333334,0.052905730624804685,3.1666666666666665,4.45,0.140941857995514,0.12960874552830426,5790.867070670564,1,"[""R074""]",ring-group-87,0.9932830840637904,1
RING-C0093,"[""A000457"",""A001771"",""A007742"",""A008407"",""A016054"",""A016082"",""A017072"",""A017444"",""A019756"",""A025122"",""A027371""]",11,0.8905798556971463,0.9519001098333157,0.9727661729442312,0.7013436451679588,0.10976774152698757,0.9678929146312115,19,0.34545454545454546,0.9368421052631579,1.0,1,4,1,13,0,0,4,"[""10"",""3"",""43"",""80""]",52.0,328370.0,6063.650728059819,14.0,0.30692640692640694,0.29494949494949496,14.0,76920.0,0.30609996064541517,1.0,0.022727272727272728,0.09090909090909091,0.36363636363636365,103.9090909090909,0.04058615304736482,3.1818181818181817,8.218181818181819,0.14898893498079693,0.1387197572752709,5751.527420748295,1,"[""R046""]",ring-group-88,0.9935717065483135,1
RING-C0094,"[""A019556"",""A023721""]",2,0.7624606334020254,0.7624606334020254,0.7959795059298787,0.7289417608741723,0.03351887252785318,0.7892757314243081,1,1.0,0.7,0.7,0,1,0,0,0,0,1,"[""73""]",4.0,14960.0,3740.0,0.0,0.0,0.0,0.0,0.0,0.0,0.0,0.0,0.0,0.0,85.5,0.0,2.5,2.25,0.1328704336599073,0.1184343434343434,5717.947702589808,0,[],negative-89,0.004169485100776921,0
RING-C0095,"[""A013458"",""A017651"",""A027721""]",3,0.8703697173263071,0.8601566530816899,0.9330851604745273,0.8178673384227044,0.04758863057874145,0.9184994589959597,3,1.0,1.0,1.0,0,0,0,3,0,0,1,"[""63""]",12.0,110740.0,8383.77777777778,2.0,0.16666666666666666,0.1111111111111111,2.0,24160.0,0.16666666666666666,0.0,0.0,0.0,0.0,124.33333333333333,0.012125379696442598,2.6666666666666665,4.933333333333334,0.1366701007326007,0.1206177503052503,5790.324326714952,1,"[""R139""]",ring-group-90,0.8925717041952166,1
RING-C0096,"[""A004311"",""A019425""]",2,0.83338550951331,0.83338550951331,0.9090058395288184,0.7577651794978018,0.07562033001550833,0.8938817735257167,1,1.0,0.7,0.7,0,1,0,0,0,0,2,"[""22"",""60""]",11.0,64440.0,6060.833333333334,0.0,0.0,0.0,0.0,0.0,0.0,0.0,0.0,0.0,0.0,37.5,0.0155890972222222,3.0,5.25,0.14529810570862328,0.14069680010779834,5551.682833342758,1,"[""R019""]",ring-group-91,0.04258175846867683,1
RING-C0097,"[""A016568"",""A017102""]",2,0.8135133309358563,0.8135133309358563,0.8477105713458425,0.7793160905258701,0.034197240409986174,0.8408711232638453,1,1.0,0.7,0.7,0,1,0,0,0,0,2,"[""2"",""58""]",9.0,47180.0,5873.571428571428,1.0,0.0714285714285714,0.0714285714285714,1.0,1580.0,0.0714285714285714,0.0,0.0,0.0,0.0,164.5,0.02584336347197105,3.5,3.3499999999999996,0.15174155815019458,0.14602849187374806,5893.179847045548,0,[],negative-92,0.05891472174239827,1
RING-C0098,"[""A008099"",""A014576""]",2,0.7313894210037739,0.7313894210037739,0.7462350450104515,0.7165437969970964,0.014845624006677549,0.743265920209116,1,1.0,1.0,1.0,0,0,1,0,0,0,1,"[""6""]",13.0,94940.0,8107.0,4.0,0.2,0.21428571428571425,4.0,30580.0,0.2,0.0,0.0,0.0,0.0,152.0,0.0030821983273596,4.0,7.3999999999999995,0.1423937975961097,0.1325270667033672,5556.351477199743,0,[],negative-93,0.07388485450982665,1
RING-C0099,"[""A007659"",""A020388""]",2,0.7557532237056243,0.7557532237056243,0.7585670205031174,0.7529394269081311,0.002813796797493162,0.7580042611436187,1,1.0,1.0,1.0,1,0,0,0,0,0,1,"[""101""]",4.0,8210.0,1538.3333333333333,1.0,0.16666666666666666,0.16666666666666666,1.0,920.0,0.16666666666666666,0.0,0.0,0.5,0.0,44.5,0.1009019607843137,3.0,5.5,0.1622648442092886,0.1543944738389182,5685.688675778953,0,[],negative-94,0.09699503256779915,1
RING-C0100,"[""A006922"",""A015618"",""A026815""]",3,0.8369698644879504,0.834184443219919,0.9281208307317527,0.7486043195121798,0.07331377032473532,0.9093335532293859,2,0.6666666666666666,1.0,1.0,1,0,0,1,0,0,2,"[""15"",""20""]",12.0,26340.0,2182.3888888888887,1.0,0.1111111111111111,0.1111111111111111,1.0,4040.0,0.1111111111111111,0.0,0.0,0.0,0.0,99.33333333333333,0.008011299435028233,3.3333333333333335,3.6999999999999997,0.14824028003204756,0.13985298385630607,5990.093898045633,1,"[""R140""]",ring-group-80,0.9609587226110701,1
RING-C0101,"[""A004243"",""A027601""]",2,0.8303588176669705,0.8303588176669705,0.8494186177532029,0.8112990175807382,0.01905980008623237,0.8456066577359564,1,1.0,1.0,1.0,1,0,0,0,0,0,1,"[""0""]",4.0,25850.0,5075.0,0.0,0.0,0.0,0.0,0.0,0.0,0.0,0.0,0.0,0.0,136.5,0.0068859410430839,3.5,2.8,0.1407252919405697,0.1355555388541499,5580.298404848752,1,"[""R041""]",ring-group-95,0.7878301894836351,1
RING-C0102,"[""A009197"",""A012104"",""A016955"",""A021611""]",4,0.802186301112536,0.8021860155936745,0.8394313902873327,0.7649417829754622,0.0269350616208737,0.8306543946729151,4,0.6666666666666666,0.7749999999999999,1.0,1,3,0,0,0,0,1,"[""17""]",9.0,63970.0,8142.75,3.0,0.15,0.15,2.0,17010.0,0.1,0.0,0.0,0.0,0.0,128.5,0.0,3.25,4.6,0.1385071956380681,0.1276810531005162,5870.189847903774,0,[],negative-96,0.08298983871736106,1
RING-C0103,"[""A000416"",""A006921""]",2,0.7231679445332433,0.7231679445332433,0.7233995601149018,0.7229363289515847,0.000231615581658573,0.7233532369985701,1,1.0,0.7,0.7,0,1,0,0,0,0,1,"[""26""]",9.0,51270.0,7045.625,2.0,0.125,0.1,2.0,13100.0,0.125,1.0,0.0625,0.5,0.0,80.5,0.02869646924829155,2.5,3.2,0.1405523340947695,0.1279010452442186,5982.886544677135,0,[],negative-97,0.008231143020206782,0
RING-C0104,"[""A005873"",""A009773"",""A010652"",""A012631"",""A026367""]",5,0.7888018411853004,0.7871218302435358,0.8313111205933552,0.7423212559165137,0.028513225922412525,0.8179475804316028,5,0.5,0.82,1.0,0,3,1,1,0,0,3,"[""18"",""6"",""8""]",23.0,128510.0,5593.766666666666,6.0,0.26666666666666666,0.4,6.0,35020.0,0.26666666666666666,0.0,0.0,0.0,0.0,150.0,0.013909044419936881,3.6,6.4,0.1482377743966741,0.13692781033687448,5680.4379817294,1,"[""R097""]",ring-group-98,0.8767887180440816,1
RING-C0105,"[""A001583"",""A019409"",""A019845""]",3,0.7981749347808756,0.7920884962623183,0.8755881353011578,0.7268481727791508,0.060875160030684335,0.8588882074933899,2,0.6666666666666666,0.85,1.0,0,1,0,1,0,0,2,"[""26"",""70""]",12.0,77180.0,6345.777777777777,1.0,0.06666666666666667,0.1111111111111111,1.0,2520.0,0.06666666666666667,0.0,0.0,0.0,0.0,126.66666666666667,0.0432943790794349,3.3333333333333335,5.3,0.1379574236523806,0.12832461488673044,5921.675658736051,1,"[""R041""]",ring-group-95,0.8140115265102903,1
RING-C0106,"[""A004461"",""A023250""]",2,0.7939743940872273,0.7939743940872273,0.8693420569665768,0.7186067312078777,0.0753676628793496,0.8542685243907069,1,1.0,1.0,1.0,1,0,0,0,0,0,1,"[""25""]",6.0,22970.0,3641.0,0.0,0.0,0.0,0.0,0.0,0.0,0.0,0.0,0.0,0.0,138.5,0.1074351461038961,3.5,3.95,0.1892716778171323,0.1582644628099173,5452.640846123573,0,[],negative-99,0.5578147132212765,1
RING-C0107,"[""A021413"",""A029590""]",2,0.8867324751797704,0.8867324751797704,0.8952392149033865,0.8782257354561542,0.008506739723616152,0.8935378669586633,1,1.0,1.0,1.0,0,0,0,1,0,0,1,"[""77""]",5.0,16030.0,3010.0,0.0,0.0,0.0,0.0,0.0,0.0,1.0,0.16666666666666666,0.0,0.0,19.0,0.02547640791476405,3.5,3.75,0.1654975823931867,0.1544447463403507,6125.2403695205885,1,"[""R114""]",ring-group-100,0.8957948880587273,1
RING-C0108,"[""A012911"",""A013393"",""A029204""]",3,0.9488340673025943,0.969463141213722,0.9758923053005011,0.9011467553935597,0.033822017735452,0.9746064724831452,3,1.0,1.0,1.0,0,0,0,3,0,0,1,"[""56""]",12.0,52450.0,3724.0,2.0,0.15,0.12222222222222219,2.0,9330.0,0.12222222222222219,0.0,0.0,0.6666666666666666,0.0,95.0,0.0472101673786171,4.0,6.1000000000000005,0.1684714068275712,0.1563165905631659,5883.2383851561935,1,"[""R060""]",ring-group-8,0.8583159239580773,1
RING-C0109,"[""A016309"",""A029907""]",2,0.7721683279558613,0.7721683279558613,0.8214387062021006,0.722897949709622,0.04927037824623931,0.8115846305528527,1,1.0,1.0,1.0,0,0,1,0,0,0,1,"[""86""]",8.0,39640.0,4416.666666666666,1.0,0.0833333333333333,0.0,1.0,4930.0,0.0833333333333333,0.0,0.0,0.0,0.0,124.0,0.0,3.5,5.2,0.142952101661779,0.1249515896290089,5422.7663035888845,0,[],negative-101,0.0025492359995179536,0
RING-C0110,"[""A010283"",""A026023""]",2,0.8257637903753487,0.8257637903753487,0.8947177577778678,0.7568098229728296,0.06895396740251908,0.880926964297364,1,1.0,1.0,1.0,0,0,0,1,0,0,1,"[""8""]",5.0,20840.0,4165.833333333334,3.0,0.6666666666666666,0.6666666666666666,2.0,13420.0,0.41666666666666663,0.0,0.0,0.0,0.0,148.5,0.0,3.0,6.0,0.1568927515573857,0.1438156609650512,5773.417834705944,0,[],negative-102,0.13041955006744585,1
RING-C0111,"[""A002229"",""A024718""]",2,0.8066168094951727,0.8066168094951727,0.8764361701716203,0.736797448818725,0.06981936067644767,0.8624722980363309,1,1.0,1.0,1.0,1,0,0,0,0,0,2,"[""18"",""46""]",8.0,48770.0,4992.5,3.0,0.41666666666666663,0.16666666666666666,3.0,7430.0,0.41666666666666663,0.0,0.0,0.0,0.0,47.5,0.088089899426592,3.5,7.800000000000001,0.14177746355776655,0.12917293845324146,5816.745293754132,0,[],negative-103,0.03226682869911821,1
RING-C0112,"[""A002915"",""A011530""]",2,0.75184129167512,0.75184129167512,0.7973664285705683,0.7063161547796717,0.04552513689544829,0.7882614011914786,1,1.0,1.0,1.0,0,0,1,0,0,0,1,"[""82""]",9.0,65390.0,6590.833333333334,0.0,0.0,0.0,0.0,0.0,0.0,0.0,0.0,0.0,0.0,99.5,0.0,3.0,3.55,0.1427216415021293,0.1332405061063597,5463.505910586703,0,[],negative-104,0.0023775228784547933,0
RING-C0113,"[""A004174"",""A004404"",""A009515""]",3,0.8011286604265675,0.8147310521799134,0.8302535397198847,0.7584013893799045,0.030870176256687143,0.8271490422118905,2,0.6666666666666666,0.85,1.0,1,1,0,0,0,0,2,"[""11"",""71""]",8.0,33740.0,3767.7777777777774,2.0,0.2222222222222222,0.2222222222222222,2.0,16100.0,0.16666666666666666,0.0,0.0,0.0,0.0,116.66666666666667,0.05200084091396854,4.0,3.966666666666667,0.1464819456798175,0.13309894360833377,5456.88371758172,1,"[""R136""]",ring-group-49,0.9551233905020393,1
RING-C0114,"[""A019604"",""A028759""]",2,0.9796893958011668,0.9796893958011668,0.9878317275735694,0.9715470640287642,0.008142331772402589,0.9862032612190889,1,1.0,1.0,1.0,0,0,1,0,0,0,1,"[""6""]",7.0,44770.0,5974.583333333333,1.0,0.16666666666666666,0.16666666666666666,1.0,1890.0,0.16666666666666666,0.0,0.0,0.0,0.0,125.5,0.03072748135398735,3.0,3.45,0.1423937975961097,0.1325270667033672,5556.351477199743,1,"[""R093""]",ring-group-105,0.9562591177930558,1
RING-C0115,"[""A009758"",""A012371"",""A013513"",""A027952""]",4,0.793260584112193,0.7799834480486876,0.8543814842690182,0.758693956082379,0.038256365442858715,0.8371311728532375,3,0.5,0.9,1.0,1,1,1,0,0,0,2,"[""11"",""24""]",13.0,112140.0,6380.277777777777,1.0,0.03125,0.0357142857142857,1.0,9330.0,0.027777777777777776,0.0,0.0,0.75,0.0,123.5,0.07378218208411427,3.0,4.625,0.15398544778040044,0.14312590003757195,5677.87656359501,0,[],negative-106,0.6093953005429488,1
RING-C0116,"[""A006812"",""A007675"",""A025079""]",3,0.7333482658668803,0.7367350212150257,0.7490062573050926,0.7143035190805225,0.014368312216167543,0.7465520100870793,2,0.6666666666666666,1.0,1.0,1,0,0,1,0,0,2,"[""27"",""74""]",13.0,89350.0,5139.6296296296305,3.0,0.1111111111111111,0.1111111111111111,3.0,43020.0,0.1111111111111111,1.0,0.037037037037037035,0.3333333333333333,0.0,127.66666666666667,0.09548802020277326,3.0,5.866666666666667,0.17058493853595402,0.1641763901172503,5397.137214136586,0,[],negative-107,0.18768936508009318,1
RING-C0117,"[""A010643"",""A015258""]",2,0.8570355678141436,0.8570355678141436,0.8709812993224265,0.8430898363058607,0.013945731508282933,0.8681921530207699,1,1.0,1.0,1.0,1,0,0,0,0,0,1,"[""26""]",8.0,57180.0,5498.571428571428,2.0,0.5714285714285714,0.5714285714285714,2.0,15080.0,0.5714285714285714,0.0,0.0,0.0,0.0,164.5,0.0882121212121212,3.0,4.35,0.1405523340947695,0.1279010452442186,5982.886544677135,0,[],negative-108,0.25283512149374404,1
RING-C0118,"[""A008994"",""A015007""]",2,0.8189765669712739,0.8189765669712739,0.8473106561287177,0.7906424778138299,0.028334089157443898,0.8416438382972289,1,1.0,1.0,1.0,1,0,0,0,0,0,1,"[""0""]",5.0,40890.0,6273.75,3.0,0.5,0.375,3.0,20730.0,0.375,0.0,0.0,0.5,0.0,70.5,0.01843416110183635,3.0,3.95,0.1407252919405697,0.1355555388541499,5580.298404848752,0,[],negative-109,0.06211989865193112,1
RING-C0119,"[""A001338"",""A013037""]",2,0.9689527891400205,0.9689527891400205,0.971584869372913,0.9663207089071281,0.002632080232892464,0.9710584533263346,1,1.0,0.7,0.7,0,1,0,0,0,0,2,"[""54"",""83""]",9.0,69020.0,7930.0,0.0,0.0,0.0,0.0,0.0,0.0,1.0,0.0714285714285714,0.0,0.0,162.0,0.01275826131164205,3.0,2.8499999999999996,0.16003058299933295,0.14397571116321117,5715.212842580029,1,"[""R086""]",ring-group-110,0.9506986695189826,1
RING-C0120,"[""A023841"",""A025123""]",2,0.7555168698420223,0.7555168698420223,0.7706380817490699,0.7403956579349747,0.015121211907047571,0.7676138393676604,1,1.0,1.0,1.0,1,0,0,0,0,0,1,"[""58""]",7.0,31510.0,4430.416666666667,1.0,0.16666666666666666,0.16666666666666666,1.0,3120.0,0.16666666666666666,0.0,0.0,0.0,0.0,157.0,0.05139047348914605,2.5,4.4,0.1484946717341083,0.145906923019599,5993.228314330428,1,"[""R026""]",ring-group-111,0.7482381209834268,1
RING-C0121,"[""A000871"",""A008502"",""A009570"",""A009920"",""A010477"",""A012272"",""A023759"",""A029016"",""A029715""]",9,0.8836864424713635,0.8992647651446437,0.980530441488953,0.722740449141726,0.07765662268422853,0.9534369061497701,11,0.3055555555555556,0.9727272727272727,1.0,5,1,2,3,0,0,3,"[""18"",""54"",""68""]",19.0,92610.0,4827.592592592592,0.0,0.0,0.0,0.0,0.0,0.0,0.0,0.0,0.5555555555555556,0.0,88.66666666666667,0.020236121476183422,3.2222222222222223,4.611111111111111,0.16166078047980395,0.1472806469793001,5568.01876903529,1,"[""R066""]",ring-group-112,0.9804339330611478,1
RING-C0122,"[""A001874"",""A005183""]",2,0.7393872988026229,0.7393872988026229,0.7718506233781373,0.7069239742271085,0.032463324575514374,0.7653579584630343,1,1.0,0.7,0.7,0,1,0,0,0,0,1,"[""36""]",2.0,5200.0,2600.0,0.0,0.0,0.0,0.0,0.0,0.0,0.0,0.0,0.0,0.0,168.0,0.06762,3.5,4.35,0.1518542860648123,0.1387454088871093,5677.940645499351,0,[],negative-113,0.01445289843010894,0
RING-C0123,"[""A002031"",""A003362""]",2,0.7855395582785896,0.7855395582785896,0.8609442263952253,0.7101348901619539,0.07540466811663571,0.8458632927718981,1,1.0,0.7,0.7,0,1,0,0,0,0,1,"[""16""]",3.0,18490.0,5007.5,0.0,0.0,0.0,0.0,0.0,0.0,0.0,0.0,0.5,0.0,86.5,0.0,3.0,1.7,0.1408156596283686,0.1327570515697606,5543.768918929454,0,[],negative-114,0.029372829601434308,0
RING-C0124,"[""A011351"",""A019024""]",2,0.8998472585134778,0.8998472585134778,0.9844696275274721,0.8152248894994835,0.08462236901399434,0.9675451537246733,1,1.0,0.7,0.7,0,1,0,0,0,0,2,"[""33"",""91""]",5.0,27890.0,5075.0,0.0,0.0,0.0,0.0,0.0,0.0,0.0,0.0,1.0,0.0,101.0,0.0684345403899721,3.5,4.5,0.15274993126531583,0.1371472173126019,5794.897006715507,0,[],negative-115,0.41010632558516724,1
RING-C0125,"[""A000762"",""A001369"",""A002636""]",3,0.7437838534377104,0.743210502807401,0.7515866099371902,0.7365544475685398,0.0061502316800981305,0.7499113885112323,2,0.6666666666666666,0.85,1.0,0,1,1,0,0,0,2,"[""1"",""102""]",8.0,58110.0,8150.833333333333,0.0,0.0,0.0,0.0,0.0,0.0,0.0,0.0,0.0,0.0,80.33333333333333,0.030676422764227634,2.3333333333333335,3.4333333333333336,0.14323146308407295,0.13314301156733158,5766.588802563942,0,[],negative-116,0.01837651944658845,0
RING-C0126,"[""A003226"",""A006600"",""A019058"",""A021432""]",4,0.8234347687140511,0.8500435721895523,0.8854380275577114,0.7082139029193882,0.06822954036214483,0.8767728251087485,4,0.6666666666666666,1.0,1.0,1,0,0,3,0,0,1,"[""41""]",15.0,78680.0,6290.666666666666,1.0,0.04166666666666665,0.0625,1.0,3230.0,0.04166666666666665,0.0,0.0,0.0,0.0,97.75,0.0028521653543307,3.25,8.325,0.132484660530879,0.1219020941710017,5584.71959086665,0,[],negative-117,0.051238867620494316,1
RING-C0127,"[""A010588"",""A013092""]",2,0.8005050785145715,0.8005050785145715,0.8026349470044172,0.7983752100247258,0.0021298684898456988,0.802208973306448,1,1.0,0.7,0.7,0,1,0,0,0,0,2,"[""42"",""82""]",6.0,27840.0,4640.0,0.0,0.0,0.0,0.0,0.0,0.0,0.0,0.0,0.0,0.0,114.5,0.0,3.0,4.9,0.14020249494988168,0.12584974904738172,5474.778705686749,0,[],negative-118,0.013754587150605992,0
RING-C0128,"[""A003422"",""A004065"",""A013982""]",3,0.8209313121312615,0.8402667632667526,0.8483924025596135,0.774134770567418,0.03325601429548057,0.8467672747010413,3,1.0,0.6999999999999998,0.7,0,3,0,0,0,0,1,"[""77""]",8.0,41070.0,4378.0,0.0,0.0,0.0,0.0,0.0,0.0,0.0,0.0,0.3333333333333333,0.0,38.333333333333336,0.009304071969696967,2.6666666666666665,4.6,0.1654975823931867,0.1544447463403507,6125.240369520589,0,[],negative-119,0.009707115646116104,0
RING-C0129,"[""A008598"",""A025243""]",2,0.8708112172819253,0.8708112172819253,0.974747416178228,0.7668750183856228,0.10393619889630262,0.9539601763989675,1,1.0,1.0,1.0,0,0,0,1,0,0,1,"[""87""]",7.0,59700.0,7113.0,2.0,0.2,0.2,2.0,20040.0,0.2,0.0,0.0,0.5,0.0,129.0,0.0241449438202247,3.5,3.8,0.1392941153215126,0.1287755243234695,6028.112442922375,0,[],negative-120,0.13937140325450453,1
RING-C0130,"[""A004598"",""A025154""]",2,0.8438734435575121,0.8438734435575121,0.902053011949498,0.7856938751655261,0.05817956839198596,0.8904170982711008,1,1.0,1.0,1.0,1,0,0,0,0,0,1,"[""72""]",4.0,17860.0,5103.333333333333,0.0,0.0,0.0,0.0,0.0,0.0,0.0,0.0,0.0,0.0,158.5,0.0,2.5,4.35,0.1555600885443817,0.1473264809652244,5710.896950054018,0,[],negative-121,0.45450336234212096,1
RING-C0131,"[""A017438"",""A024638""]",2,0.8333257015228795,0.8333257015228795,0.8693876697143992,0.7972637333313599,0.03606196819151963,0.8621752760760952,1,1.0,1.0,1.0,1,0,0,0,0,0,1,"[""20""]",7.0,34360.0,4702.5,1.0,0.16666666666666666,0.16666666666666666,0.0,0.0,0.0,0.0,0.0,0.5,0.0,88.0,0.014646978021978,3.5,4.4,0.1492050040355125,0.1394444444444444,5812.458178638687,1,"[""R024""]",ring-group-122,0.8759341603938571,1
RING-C0132,"[""A024128"",""A027145""]",2,0.8427045773566983,0.8427045773566983,0.8594990181105548,0.8259101366028418,0.0167944407538565,0.8561401299597835,1,1.0,1.0,1.0,1,0,0,0,0,0,1,"[""17""]",14.0,70080.0,5005.714285714286,3.0,0.21428571428571425,0.21428571428571425,3.0,19080.0,0.21428571428571425,0.0,0.0,0.0,0.0,42.5,0.0682321834525312,4.0,8.25,0.1385071956380681,0.1276810531005162,5870.189847903774,1,"[""R108""]",ring-group-123,0.3006584789136405,1
RING-C0133,"[""A011757"",""A027179""]",2,0.8143938499473129,0.8143938499473129,0.854668917885036,0.7741187820095898,0.040275067937723064,0.8466139042974914,1,1.0,1.0,1.0,0,0,1,0,0,0,2,"[""45"",""6""]",3.0,32710.0,9782.5,0.0,0.0,0.0,0.0,0.0,0.0,0.0,0.0,0.5,0.0,41.5,0.06852953107552434,3.0,3.5,0.1378446907623025,0.1279434731961804,5706.049675375707,0,[],negative-124,0.009668837026992073,0
RING-C0134,"[""A001417"",""A025284""]",2,0.8105784258205944,0.8105784258205944,0.8250794131741059,0.7960774384670829,0.014500987353511519,0.8221792157034037,1,1.0,0.7,0.7,0,1,0,0,0,0,1,"[""31""]",8.0,29630.0,3969.0,2.0,0.2,0.2,1.0,5380.0,0.1,0.0,0.0,0.0,0.0,176.0,0.0054842857142857,1.5,5.05,0.169340596956876,0.145779710169245,6154.101177891876,0,[],negative-125,0.13381006314518556,1
RING-C0135,"[""A010688"",""A012847"",""A015108""]",3,0.8433603164860628,0.8661200303692204,0.8986334515738136,0.7653274675151542,0.056751650657311484,0.892130767332895,2,0.6666666666666666,0.85,1.0,1,1,0,0,0,0,2,"[""14"",""65""]",13.0,71460.0,5798.333333333333,4.0,0.3333333333333333,0.3,4.0,24930.0,0.27777777777777773,0.0,0.0,1.0,0.3333333333333333,84.66666666666667,0.024343199901422297,3.6666666666666665,3.9666666666666672,0.144437985376223,0.13483978918479306,5927.434110531337,1,"[""R008""]",ring-group-126,0.9316586181680865,1
RING-C0136,"[""A003080"",""A019968""]",2,0.8303593182956377,0.8303593182956377,0.8330198047543431,0.8276988318369322,0.00266048645870548,0.832487707462602,1,1.0,1.0,1.0,1,0,0,0,0,0,1,"[""100""]",7.0,48540.0,6808.5,0.0,0.0,0.0,0.0,0.0,0.0,0.0,0.0,0.0,0.0,111.5,0.0,2.0,4.5,0.1509692372524231,0.1474294142435735,5761.024968394438,0,[],negative-127,0.014062572329077013,0
RING-C0137,"[""A000985"",""A012038""]",2,0.7358840049617463,0.7358840049617463,0.7696798470968884,0.7020881628266044,0.03379584213514203,0.76292067866986,1,1.0,1.0,1.0,0,0,0,1,0,0,2,"[""68"",""70""]",7.0,39920.0,5675.416666666666,2.0,0.29166666666666663,0.375,2.0,8880.0,0.29166666666666663,0.0,0.0,0.0,0.0,136.5,0.01231761006289305,3.5,6.95,0.1490633648758648,0.14007794057794049,5651.085752950753,0,[],negative-128,0.05122191589033228,1
RING-C0138,"[""A006149"",""A023345""]",2,0.7910477723757521,0.7910477723757521,0.8365462795693258,0.7455492651821782,0.04549850719357379,0.8274465781306111,1,1.0,1.0,1.0,1,0,0,0,0,0,1,"[""44""]",11.0,43660.0,4054.7916666666665,1.0,0.0625,0.0625,1.0,840.0,0.0625,0.0,0.0,0.0,0.0,243.0,0.0399658487250735,3.0,6.75,0.1591393135696933,0.1445823515443768,5596.430446721586,0,[],negative-129,0.013275506810568287,0
RING-C0139,"[""A015334"",""A021728"",""A026924""]",3,0.8139142634354112,0.8439757297905555,0.8648050965101454,0.7329619640055327,0.05787009427285286,0.8606392231662274,2,0.6666666666666666,1.0,1.0,0,0,0,2,0,0,1,"[""73""]",6.0,21670.0,3826.6666666666665,0.0,0.0,0.0,0.0,0.0,0.0,0.0,0.0,0.0,0.0,126.33333333333333,0.0,3.3333333333333335,4.5,0.1328704336599073,0.1184343434343434,5717.947702589808,0,[],negative-130,0.0931378493679152,1
RING-C0140,"[""A015533"",""A018724"",""A019288"",""A029330""]",4,0.8183534661823746,0.8160524990343918,0.8587811461535436,0.7825277205071713,0.027287244175772194,0.8474611191058617,4,0.6666666666666666,1.0,1.0,1,0,0,3,0,0,1,"[""30""]",18.0,103590.0,5969.5,4.0,0.225,0.21250000000000002,4.0,15810.0,0.21250000000000002,0.0,0.0,0.25,0.0,98.0,0.0221621875195765,3.0,4.95,0.1309110130538701,0.1235659128516271,5615.874195624196,1,"[""R116""]",ring-group-21,0.7760667028858861,1
RING-C0141,"[""A014755"",""A016809""]",2,0.727294509450418,0.727294509450418,0.7438534559497026,0.7107355629511333,0.016558946499284688,0.7405416666498457,1,1.0,0.7,0.7,0,1,0,0,0,0,1,"[""79""]",12.0,50540.0,4211.666666666666,1.0,0.0833333333333333,0.125,1.0,1510.0,0.0833333333333333,0.0,0.0,0.0,0.5,169.0,0.06840979600621365,3.0,3.75,0.1501185612140668,0.1478359031729818,5820.956312725976,0,[],negative-131,0.022570296885912656,0
RING-C0142,"[""A013765"",""A018002""]",2,0.7337354494750943,0.7337354494750943,0.7354551845311109,0.7320157144190776,0.0017197350560166358,0.7351112375199076,1,1.0,1.0,1.0,0,0,0,1,0,0,1,"[""1""]",11.0,56810.0,5353.214285714286,1.0,0.0714285714285714,0.0714285714285714,1.0,7390.0,0.0714285714285714,0.0,0.0,0.0,0.0,199.5,0.008107476635514,3.0,6.1,0.1613426726622852,0.1490846723897571,5926.767478486001,0,[],negative-132,0.006947696704795466,0
RING-C0143,"[""A012504"",""A012667""]",2,0.7402107828095118,0.7402107828095118,0.7727232079103568,0.7076983577086668,0.032512425100844955,0.7662207228901877,1,1.0,0.7,0.7,0,1,0,0,0,0,2,"[""26"",""3""]",9.0,49860.0,5435.0,2.0,0.25,0.25,2.0,14860.0,0.25,0.0,0.0,0.0,0.0,77.0,0.0,4.0,4.7,0.1450080705326394,0.13461073446864819,5954.601120448158,0,[],negative-133,0.014570122326040389,0
RING-C0144,"[""A006023"",""A007969""]",2,0.7967276828693286,0.7967276828693286,0.7979335820802931,0.795521783658364,0.001205899210964534,0.7976924022381002,1,1.0,1.0,1.0,1,0,0,0,0,0,1,"[""78""]",2.0,23730.0,11865.0,0.0,0.0,0.0,0.0,0.0,0.0,0.0,0.0,0.0,0.0,189.0,0.0,3.0,2.35,0.1181382275132275,0.112933201058201,5811.432554713805,0,[],negative-134,0.14271949109057072,1
RING-C0145,"[""A013812"",""A028987""]",2,0.9683344519980855,0.9683344519980855,0.9754360120415131,0.961232891954658,0.007101560043427546,0.9740157000328276,1,1.0,1.0,1.0,0,0,1,0,0,0,1,"[""25""]",9.0,70530.0,7583.75,2.0,0.25,0.5,2.0,6090.0,0.25,1.0,0.1,0.0,0.0,126.5,0.0,2.5,3.05,0.1892716778171323,0.1582644628099173,5452.640846123573,1,"[""R099""]",ring-group-135,0.9559407893505361,1
RING-C0146,"[""A006981"",""A009449"",""A013242"",""A028982""]",4,0.7909367888181802,0.7647745114281572,0.920508499663568,0.7136896327528384,0.0815823654663539,0.8843903399761871,3,0.5,0.7999999999999999,1.0,0,2,0,1,0,0,3,"[""2"",""25"",""83""]",24.0,105530.0,4629.9375,3.0,0.08680555555555555,0.0669642857142857,3.0,15270.0,0.08680555555555555,0.0,0.0,0.0,0.0,119.25,0.0099393178104575,3.5,4.95,0.16043725447191126,0.1457005345945664,5714.992163361083,0,[],negative-136,0.07271448642659707,1
RING-C0147,"[""A017717"",""A027818""]",2,0.7691088036791712,0.7691088036791712,0.7975225114927854,0.740695095865557,0.028413707813614186,0.7918397699300626,1,1.0,1.0,1.0,1,0,0,0,0,0,1,"[""13""]",5.0,32020.0,5675.833333333333,1.0,0.25,0.25,1.0,1150.0,0.25,0.0,0.0,0.5,0.0,110.5,0.0633282608695652,2.5,3.35,0.1429983211233211,0.1369023337773338,5861.306589244089,0,[],negative-137,0.07548308489431835,1
RING-C0148,"[""A000926"",""A017497""]",2,0.8711527847247024,0.8711527847247024,0.9329083827813037,0.809397186668101,0.06175559805660136,0.9205572631699834,1,1.0,0.7,0.7,0,1,0,0,0,0,2,"[""31"",""7""]",12.0,81350.0,6195.625,0.0,0.0,0.0,0.0,0.0,0.0,0.0,0.0,1.5,0.0,88.5,0.05544018628317815,4.0,6.5,0.16510594189485062,0.15014838715084686,6095.156959605194,1,"[""R009""]",ring-group-138,0.9487905022785162,1
RING-C0149,"[""A013336"",""A014730""]",2,0.9822210004802272,0.9822210004802272,0.9862956641570515,0.9781463368034028,0.004074663676824353,0.9854807314216867,1,1.0,0.7,0.7,0,1,0,0,0,0,2,"[""43"",""78""]",11.0,56500.0,5113.833333333334,4.0,0.3333333333333333,0.3333333333333333,4.0,24130.0,0.3333333333333333,1.0,0.0833333333333333,0.0,0.0,87.0,0.0283050847457627,3.5,4.4,0.12633528054809695,0.11706375653764889,5977.37677778006,1,"[""R095""]",ring-group-139,0.9102936454241796,1
RING-C0150,"[""A012636"",""A025058""]",2,0.7800593027531109,0.7800593027531109,0.796857491722427,0.7632611137837947,0.016798188969316175,0.7934978539285638,1,1.0,1.0,1.0,0,0,0,1,0,0,1,"[""47""]",6.0,20650.0,3575.0,0.0,0.0,0.0,0.0,0.0,0.0,0.0,0.0,0.0,0.0,83.0,0.02212276785714285,2.5,2.55,0.1347730833782335,0.1258589884126364,5770.076491462757,0,[],negative-140,0.009247008663272308,0
RING-C0151,"[""A015678"",""A017308""]",2,0.9018544247477747,0.9018544247477747,0.9212314950728177,0.8824773544227318,0.019377070325042933,0.9173560810078091,1,1.0,1.0,1.0,1,0,0,0,0,0,1,"[""39""]",12.0,66790.0,5196.25,2.0,0.125,0.125,2.0,5790.0,0.125,0.0,0.0,0.0,0.0,50.5,0.0335209359185115,4.0,5.85,0.142537960439195,0.1349002963200494,5511.167763763443,0,[],negative-141,0.3022947923423412,1
RING-C0152,"[""A006661"",""A025668""]",2,0.7286857273582122,0.7286857273582122,0.7537896427432192,0.7035818119732052,0.025103915385007003,0.7487688596662179,1,1.0,1.0,1.0,0,0,0,1,0,0,2,"[""21"",""57""]",6.0,24540.0,4090.0,3.0,0.5,0.5,2.0,2950.0,0.3333333333333333,0.0,0.0,0.0,0.5,101.5,0.0,3.5,5.2,0.1354451709911225,0.12736017156820933,5674.328676691709,0,[],negative-142,0.012404077283213997,0
RING-C0153,"[""A019608"",""A021494""]",2,0.7673162512136091,0.7673162512136091,0.8224794149677856,0.7121530874594327,0.05516316375417646,0.8114467822169503,1,1.0,0.7,0.7,0,1,0,0,0,0,2,"[""37"",""49""]",9.0,46860.0,5031.5,0.0,0.0,0.0,0.0,0.0,0.0,0.0,0.0,0.5,0.0,204.0,0.0097616642958748,3.0,3.9000000000000004,0.15338908035593546,0.1402810559472185,5811.493228157391,0,[],negative-143,0.012933073100383186,0
RING-C0154,"[""A000078"",""A026835""]",2,0.8437165646987848,0.8437165646987848,0.9084091106876592,0.7790240187099103,0.06469254598887442,0.8954706014898843,1,1.0,1.0,1.0,0,0,1,0,0,0,2,"[""39"",""44""]",5.0,29500.0,5389.166666666666,0.0,0.0,0.0,0.0,0.0,0.0,0.0,0.0,0.0,0.0,140.0,0.03441415895061725,3.5,5.15,0.15083863700444416,0.1397413239322131,5553.799105242515,0,[],negative-144,0.09012396528440272,1
RING-C0155,"[""A010937"",""A019131""]",2,0.8455470127424562,0.8455470127424562,0.9189399257528427,0.7721540997320699,0.07339291301038636,0.9042613431507655,1,1.0,1.0,1.0,0,0,0,1,0,0,1,"[""102""]",7.0,27110.0,3631.6666666666665,1.0,0.125,0.125,0.0,0.0,0.0,0.0,0.0,0.5,0.0,77.0,0.0,2.5,4.7,0.1070090439276485,0.1012596899224806,5446.231450719823,0,[],negative-145,0.01183784072554122,0
RING-C0156,"[""A003969"",""A027879""]",2,0.8382974679269113,0.8382974679269113,0.9741461251942736,0.7024488106595491,0.13584865726736223,0.9469763937408011,1,1.0,1.0,1.0,1,0,0,0,0,0,1,"[""61""]",7.0,39070.0,5827.0,1.0,0.1,0.1,1.0,8090.0,0.1,1.0,0.25,0.0,0.0,168.0,0.0288225626846451,3.0,3.6500000000000004,0.1546808218236789,0.146708238851096,5737.998665223666,1,"[""R087""]",ring-group-146,0.1942546043704255,1
RING-C0157,"[""A010189"",""A013226""]",2,0.9339040437425975,0.9339040437425975,0.9590811076105744,0.9087269798746206,0.025177063867976912,0.954045694836979,1,1.0,1.0,1.0,0,0,0,1,0,0,2,"[""32"",""71""]",5.0,16040.0,3220.0,0.0,0.0,0.0,0.0,0.0,0.0,0.0,0.0,0.0,0.0,89.0,0.07388964577656675,4.0,4.15,0.15215204212474745,0.1413307295755482,5417.438400596408,1,"[""R052""]",ring-group-4,0.9106596792331888,1
RING-C0158,"[""A014387"",""A016189""]",2,0.7422994115704886,0.7422994115704886,0.780592058121708,0.7040067650192693,0.038292646551219334,0.772933528811464,1,1.0,1.0,1.0,1,0,0,0,0,0,1,"[""20""]",7.0,34520.0,4743.75,1.0,0.125,0.16666666666666666,1.0,10250.0,0.125,0.0,0.0,0.0,0.0,101.5,0.0542511783233726,4.0,8.0,0.1492050040355125,0.1394444444444444,5812.458178638687,1,"[""R121""]",ring-group-147,0.09757876207526225,1
RING-C0159,"[""A005381"",""A014463""]",2,0.7918056855483706,0.7918056855483706,0.8647882366401712,0.7188231344565701,0.07298255109180057,0.8501917264218112,1,1.0,1.0,1.0,0,0,0,1,0,0,1,"[""18""]",3.0,24870.0,9150.0,0.0,0.0,0.0,0.0,0.0,0.0,0.0,0.0,0.5,0.0,122.0,0.02784174553101995,3.0,2.1,0.1426157736763797,0.1319535963475357,5742.651284835628,0,[],negative-148,0.05278583053498051,1
RING-C0160,"[""A008783"",""A018239""]",2,0.8240218816166838,0.8240218816166838,0.8461145298045866,0.8019292334287809,0.022092648187902852,0.841696000167006,1,1.0,1.0,1.0,0,0,1,0,0,0,1,"[""46""]",5.0,31800.0,4961.25,0.0,0.0,0.0,0.0,0.0,0.0,0.0,0.0,0.0,0.0,149.5,0.0,3.0,2.7,0.1409391534391534,0.1263922805589472,5890.839302672636,0,[],negative-149,0.10936032906211014,1
RING-C0161,"[""A025172"",""A029007""]",2,0.863297207851311,0.863297207851311,0.8883492773164013,0.8382451383862207,0.02505206946509031,0.8833388634233833,1,1.0,1.0,1.0,0,0,0,1,0,0,1,"[""61""]",6.0,30350.0,4391.0,0.0,0.0,0.0,0.0,0.0,0.0,0.0,0.0,0.0,0.0,90.0,0.00576021978021975,3.5,4.75,0.1546808218236789,0.146708238851096,5737.998665223666,0,[],negative-150,0.10741264001268114,1
RING-C0162,"[""A001776"",""A027901""]",2,0.8175941017227748,0.8175941017227748,0.8253680604197924,0.8098201430257573,0.0077739586970175245,0.8238132686803888,1,1.0,0.7,0.7,0,1,0,0,0,0,2,"[""36"",""54""]",2.0,13040.0,6520.0,0.0,0.0,0.0,0.0,0.0,0.0,0.0,0.0,0.0,0.0,104.5,0.048786301369863,2.0,1.9,0.16470750056276365,0.14722963855048876,5643.650641429995,0,[],negative-151,0.05961282321244845,1
RING-C0163,"[""A014530"",""A020591""]",2,0.7964843372515518,0.7964843372515518,0.8142729369138803,0.7786957375892233,0.017788599662328486,0.8107152169814146,1,1.0,1.0,1.0,0,0,1,0,0,0,1,"[""4""]",6.0,50650.0,6261.0,0.0,0.0,0.0,0.0,0.0,0.0,0.0,0.0,0.5,0.0,107.0,0.0,4.0,5.35,0.1249849194521325,0.1215880506864113,5961.87339042257,0,[],negative-152,0.00480331608764406,0
RING-C0164,"[""A005428"",""A007102""]",2,0.8399371149226741,0.8399371149226741,0.8807566131080621,0.7991176167372861,0.04081949818538799,0.8725927134709844,1,1.0,1.0,1.0,0,0,1,0,0,0,2,"[""40"",""71""]",8.0,76010.0,9683.0,1.0,0.1,0.1,1.0,8700.0,0.1,0.0,0.0,0.5,0.0,139.0,0.007390214797136,3.0,5.15,0.13550178101020066,0.1196685144758331,5658.527178130053,0,[],negative-153,0.01544232757767527,0
RING-C0165,"[""A000373"",""A018855""]",2,0.7257772808735071,0.7257772808735071,0.7385016030255431,0.7130529587214711,0.012724322152036005,0.7359567385951359,1,1.0,0.7,0.7,0,1,0,0,0,0,1,"[""20""]",3.0,12740.0,4595.0,1.0,0.5,0.5,1.0,5640.0,0.5,0.0,0.0,0.0,0.5,77.0,0.0428318965517241,4.0,4.449999999999999,0.1492050040355125,0.1394444444444444,5812.458178638687,0,[],negative-154,0.03189670925671198,1
RING-C0166,"[""A010595"",""A022232""]",2,0.9116254016174702,0.9116254016174702,0.9782332054390739,0.8450175977958665,0.0666078038216037,0.9649116446747531,1,1.0,1.0,1.0,1,0,0,0,0,0,1,"[""50""]",4.0,20740.0,6456.666666666667,1.0,0.16666666666666666,0.16666666666666666,1.0,1340.0,0.16666666666666666,0.0,0.0,0.0,0.0,122.0,0.08004055555555555,3.0,4.800000000000001,0.1140708393983503,0.1066179574913199,5501.7946873601895,1,"[""R107""]",ring-group-155,0.9490427352188631,1
RING-C0167,"[""A010967"",""A016332""]",2,0.763182744947504,0.763182744947504,0.7819560723317006,0.7444094175633075,0.01877332738419657,0.7782014068548613,1,1.0,1.0,1.0,1,0,0,0,0,0,1,"[""3""]",10.0,71090.0,6989.166666666666,0.0,0.0,0.0,0.0,0.0,0.0,0.0,0.0,0.5,0.0,238.5,0.0257924372082366,3.5,4.6,0.1494638069705093,0.1413204236930778,5926.315696219181,1,"[""R032""]",ring-group-156,0.027025402362293345,0
RING-C0168,"[""A004508"",""A008535""]",2,0.7945992931063479,0.7945992931063479,0.8630718438588074,0.7261267423538884,0.0684725507524595,0.8493773337083155,1,1.0,1.0,1.0,1,0,0,0,0,0,1,"[""14""]",6.0,42560.0,5978.75,1.0,0.125,0.125,1.0,6000.0,0.125,0.0,0.0,0.0,0.0,152.0,0.0100661111111111,2.0,4.45,0.1319432807336033,0.1253226970162454,5687.169346692734,0,[],negative-157,0.011446569627764575,0
RING-C0169,"[""A005374"",""A013392"",""A025455""]",3,0.9659978682290397,0.964992395159066,0.9875419347087822,0.9454592748192711,0.01719487904222065,0.9830320267988389,3,1.0,1.0,1.0,1,0,2,0,0,0,1,"[""49""]",19.0,98280.0,5435.259259259259,4.0,0.23703703703703705,0.23703703703703705,4.0,26560.0,0.23703703703703705,0.0,0.0,0.0,0.0,123.33333333333333,0.02415948413350953,4.0,7.566666666666667,0.1579035835586053,0.1476174722899614,5802.102609060033,1,"[""R084""]",ring-group-158,0.9922689623449318,1
RING-C0170,"[""A015363"",""A021936""]",2,0.7635803167959849,0.7635803167959849,0.8229334883316533,0.7042271452603167,0.05935317153566827,0.8110628540245196,1,1.0,1.0,1.0,0,0,0,1,0,0,1,"[""8""]",2.0,6380.0,3190.0,0.0,0.0,0.0,0.0,0.0,0.0,0.0,0.0,0.0,0.0,161.0,0.0796400462962963,2.0,2.55,0.1568927515573857,0.1438156609650512,5773.417834705944,0,[],negative-159,0.01574947525675431,0
RING-C0171,"[""A000690"",""A020501""]",2,0.9111535511813749,0.9111535511813749,0.9222780210561111,0.9000290813066387,0.011124469874736198,0.9200531270811639,1,1.0,1.0,1.0,1,0,0,0,0,0,1,"[""20""]",6.0,29880.0,4628.75,0.0,0.0,0.0,0.0,0.0,0.0,0.0,0.0,0.0,0.0,147.5,0.05395478120260815,2.0,2.8499999999999996,0.1492050040355125,0.1394444444444444,5812.458178638687,1,"[""R054""]",ring-group-0,0.9790882246352097,1
RING-C0172,"[""A002771"",""A007596""]",2,0.8265820348599268,0.8265820348599268,0.8567868334755137,0.7963772362443399,0.030204798615586892,0.8507458737523963,1,1.0,1.0,1.0,1,0,0,0,0,0,1,"[""66""]",4.0,39050.0,10508.333333333332,0.0,0.0,0.0,0.0,0.0,0.0,0.0,0.0,1.5,0.0,54.0,0.07257666666666665,3.0,1.3,0.1103224225145407,0.1050995392128397,5324.368920214979,0,[],negative-160,0.007236240721902584,0
RING-C0173,"[""A019481"",""A020609"",""A028361""]",3,0.7755474793978031,0.7795058962045356,0.7828270904678338,0.7643094515210398,0.008061328912481807,0.7821628516151742,2,0.6666666666666666,0.85,1.0,1,1,0,0,0,0,1,"[""100""]",7.0,37990.0,6476.666666666667,1.0,0.06666666666666667,0.08333333333333333,1.0,1070.0,0.06666666666666667,0.0,0.0,0.3333333333333333,0.0,89.33333333333333,0.0,3.3333333333333335,5.533333333333334,0.1509692372524231,0.1474294142435735,5761.024968394438,0,[],negative-161,0.01616294319419144,0
