address_id,canonical_address,city,pincode,is_drop_address,first_seen_at
ADDR000000,"43/321, Chahal Circle, Patna 133890",Ahmedabad,836928,False,2026-01-18 09:05:29
ADDR000001,"794, Dutta Nagar, Mau-235116",Jaipur,120520,False,2026-02-21 18:18:11
ADDR000002,"H.No. 94, Sharaf Nagar, Burhanpur 849593",Kolkata,768801,False,2026-02-18 16:51:50
ADDR000003,"34/131, Mall Marg, Bharatpur 553419",Bengaluru,505485,False,2026-02-20 15:50:22
ADDR000004,"764, Kanda Circle, Pimpri-Chinchwad-056413",Delhi,840217,False,2026-01-17 23:55:27
ADDR000005,"76/724, Koshy Street, Bhimavaram 965328",Ahmedabad,558989,False,2026-02-10 12:04:26
ADDR000006,"H.No. 122, Bhatt Marg, Eluru-848018",Vapi,414079,False,2026-01-11 03:12:09
ADDR000007,"H.No. 462, Aggarwal Chowk, Orai 814893",Pune,650934,False,2026-02-14 06:37:35
ADDR000008,"880, Naik, Surat-543039",Lucknow,405964,False,2026-02-25 05:26:36
ADDR000009,"71/822, Gandhi Chowk, Dehri 383465",Mumbai,205033,False,2026-01-02 11:04:29
ADDR000010,"H.No. 331, Bail Path, Giridih-010310",Surat,262107,False,2026-02-05 11:40:41
ADDR000011,"34/73, Deo Circle, Latur 631165",Lucknow,790030,False,2026-02-25 23:33:49
ADDR000012,"01, Rau Nagar, Moradabad-338726",Mumbai,466366,False,2026-01-30 20:42:21
ADDR000013,"31, Chaudhari Chowk, Panvel-132677",Jaipur,660366,False,2026-02-03 00:53:20
ADDR000014,"H.No. 260, Lanka Marg, Baranagar-872343",Chennai,195827,False,2026-01-26 11:13:00
ADDR000015,"50/097, Wali Circle, Howrah 219136",Chennai,598867,False,2026-02-17 00:43:53
ADDR000016,"90/91, Virk Marg, Bhilwara 534624",Ahmedabad,624738,False,2026-01-03 11:16:33
ADDR000017,"H.No. 079, Chaudhry, Siwan-842513",Kolkata,495533,False,2026-01-08 07:09:19
ADDR000018,"784, Wadhwa, Begusarai 124118",Bengaluru,802668,False,2026-02-24 02:02:25
ADDR000019,"H.No. 93, Jani Path, Dibrugarh-401640",Ahmedabad,978921,False,2026-01-11 14:56:05
ADDR000020,"427, Sane Circle, Gorakhpur 280598",Chennai,937058,False,2026-01-11 08:03:45
ADDR000021,"045, Parmar Nagar, Kulti-586923",Kolkata,297553,False,2026-01-20 12:56:51
ADDR000022,"02, Sabharwal Path, Shimoga-160733",Pune,423988,False,2026-02-21 14:18:00
ADDR000023,"H.No. 33, Hans Nagar, Ozhukarai-145868",Surat,550032,False,2026-01-31 23:42:27
ADDR000024,"H.No. 429, Barad Road, Kavali 556981",Mumbai,310782,False,2026-01-03 08:28:40
ADDR000025,"H.No. 06, Venkatesh Nagar, Bharatpur-159514",Vapi,304651,False,2026-01-21 02:20:17
ADDR000026,"H.No. 64, Datta Circle, Bidar 299468",Vapi,741960,False,2026-02-06 16:00:59
ADDR000027,"H.No. 36, Nagy, Mango 387214",Mumbai,606661,False,2026-02-03 02:13:25
ADDR000028,"433, Bakshi Street, Sambalpur 917693",Chennai,770434,False,2026-02-24 20:03:59
ADDR000029,"32, Chhabra Nagar, Muzaffarnagar-870831",Chennai,398060,False,2026-01-20 00:25:35
ADDR000030,"88, Nadig, Pudukkottai-872774",Vapi,169993,False,2026-02-22 20:35:58
ADDR000031,"73/47, Mangal Zila, Darbhanga-581223",Lucknow,535001,False,2026-02-04 10:15:54
ADDR000032,"31/665, Shukla Circle, Ghaziabad-669096",Vapi,792852,False,2026-01-17 07:57:12
ADDR000033,"H.No. 46, Yohannan Marg, Morbi-467065",Mumbai,692589,False,2026-01-09 14:27:49
ADDR000034,"29, Bala Circle, Guntakal-162720",Delhi,984063,False,2026-01-28 23:05:27
ADDR000035,"H.No. 37, Nazareth Path, Alwar 417080",Kolkata,295598,False,2026-01-07 00:00:16
ADDR000036,"10/033, Dua Nagar, Cuttack 193745",Mumbai,418928,False,2026-01-01 05:16:31
ADDR000037,"419, Muni Nagar, Sikar-193149",Pune,392276,False,2026-02-01 01:59:44
ADDR000038,"H.No. 86, Biswas Path, Ahmedabad 716572",Kolkata,377588,False,2026-01-27 20:36:22
ADDR000039,"84/987, Sarin Chowk, North Dumdum-147379",Mumbai,371592,False,2026-02-27 17:07:14
ADDR000040,"H.No. 752, Kala Chowk, Rampur-494808",Surat,537227,False,2026-02-25 10:22:03
ADDR000041,"678, Soni Ganj, Sultan Pur Majra-143634",Ahmedabad,213087,False,2026-02-21 04:57:06
ADDR000042,"85/68, Pandey Path, Gopalpur 431351",Hyderabad,651185,False,2026-02-08 06:46:02
ADDR000043,"749, Mandal Circle, Jammu-352408",Chennai,760140,False,2026-01-30 13:51:05
ADDR000044,"H.No. 084, Swaminathan Street, Ahmedabad-777520",Hyderabad,368122,False,2026-02-14 00:44:06
ADDR000045,"H.No. 167, Bera Zila, Jalgaon 131869",Bengaluru,211734,False,2026-02-22 00:33:06
ADDR000046,"74, Sanghvi, Jehanabad-913341",Chennai,676928,False,2026-02-12 06:28:10
ADDR000047,"812, Rege Nagar, Hindupur-403447",Vapi,663113,False,2026-02-11 18:26:42
ADDR000048,"H.No. 93, Contractor Marg, Jalgaon 210249",Vapi,949024,False,2026-01-03 18:20:58
ADDR000049,"H.No. 746, Tella Road, Bahraich 906594",Jaipur,256952,False,2026-02-22 14:02:57
ADDR000050,"990, Baria Road, Nandyal 429671",Mumbai,322095,False,2026-01-12 08:02:01
ADDR000051,"55, Dyal Zila, Bulandshahr-468071",Kolkata,103854,False,2026-01-02 00:06:26
ADDR000052,"H.No. 16, Agarwal Circle, Haridwar 385977",Ahmedabad,974497,False,2026-02-01 04:05:35
ADDR000053,"H.No. 82, Sarma Road, Bhilai 932480",Pune,692101,False,2026-02-02 13:21:40
ADDR000054,"171, Tara Street, Danapur-677378",Hyderabad,629693,False,2026-01-01 04:32:31
ADDR000055,"982, Majumdar Zila, Mau-044997",Bengaluru,706501,False,2026-01-21 03:38:10
ADDR000056,"75/58, Purohit Circle, Pondicherry-396360",Mumbai,211996,False,2026-02-21 02:29:51
ADDR000057,"66/270, Thakkar Street, Salem 187026",Chennai,120388,False,2026-02-12 23:59:20
ADDR000058,"45, Rao, Ozhukarai-578091",Ahmedabad,506247,False,2026-02-22 19:12:14
ADDR000059,"161, Sawhney Zila, Dewas-050455",Chennai,615240,False,2026-02-13 22:46:46
ADDR000060,"869, Garde Street, Vijayawada-937923",Kolkata,287176,False,2026-02-10 05:09:40
ADDR000061,"40, Mani Chowk, Srinagar-594647",Jaipur,210167,False,2026-01-10 18:16:30
ADDR000062,"71, Raj Ganj, Ramgarh 406409",Jaipur,207082,False,2026-02-21 22:34:57
ADDR000063,"H.No. 39, Kanda Path, Udupi 210470",Delhi,976797,False,2026-02-09 14:51:50
ADDR000064,"H.No. 456, Iyer Street, Panvel 884247",Pune,341555,False,2026-01-21 07:49:08
ADDR000065,"H.No. 712, Ranganathan Ganj, Mysore 048175",Jaipur,777977,False,2026-01-13 07:27:38
ADDR000066,"51/370, Narang, Rajkot 461200",Ahmedabad,993641,False,2026-01-16 04:20:36
ADDR000067,"H.No. 138, Rama Street, Uluberia 926179",Jaipur,254941,False,2026-02-19 05:03:46
ADDR000068,"H.No. 537, Keer Chowk, Navi Mumbai-850643",Bengaluru,367856,False,2026-01-28 02:11:41
ADDR000069,"H.No. 390, Nath Nagar, Cuttack 183933",Hyderabad,253111,False,2026-02-07 19:38:14
ADDR000070,"04/22, Krishna Circle, Bhubaneswar 205395",Mumbai,985169,False,2026-01-04 01:45:27
ADDR000071,"H.No. 02, Vora Marg, Rajkot 758917",Hyderabad,936895,False,2026-01-10 03:35:46
ADDR000072,"84/700, Ratti Chowk, Moradabad-711592",Mumbai,769524,False,2026-01-05 07:37:25
ADDR000073,"H.No. 99, Nair Circle, Kavali 789611",Vapi,506069,False,2026-02-21 06:58:26
ADDR000074,"36, Setty Path, Vijayanagaram-565452",Bengaluru,227022,False,2026-02-26 19:10:29
ADDR000075,"H.No. 116, Pradhan Zila, Miryalaguda-988516",Lucknow,919886,False,2026-01-19 20:57:40
ADDR000076,"04/945, Tripathi Zila, Bhatpara 315851",Hyderabad,619499,False,2026-01-27 11:24:14
ADDR000077,"89, Bal, Bhopal 445502",Bengaluru,437601,False,2026-02-05 22:00:01
ADDR000078,"H.No. 201, Kale Circle, Gurgaon-525459",Mumbai,402348,False,2026-01-18 06:40:16
ADDR000079,"290, Magar Zila, Khandwa 976438",Mumbai,210405,False,2026-01-30 05:52:56
ADDR000080,"14, Sur, Ranchi 690034",Delhi,410413,False,2026-02-03 02:10:48
ADDR000081,"H.No. 45, Amble Zila, Chinsurah-268388",Vapi,188888,False,2026-01-26 15:27:20
ADDR000082,"06, Sharaf Nagar, Satara 966416",Delhi,485715,False,2026-01-29 08:24:27
ADDR000083,"975, Sarkar Zila, Latur 968164",Lucknow,498053,False,2026-02-25 04:41:16
ADDR000084,"H.No. 21, Comar Circle, Karnal 231243",Delhi,147843,False,2026-01-01 06:17:59
ADDR000085,"12/779, Sen, Satna-717744",Hyderabad,273676,False,2026-01-06 09:40:59
ADDR000086,"14/77, Bhandari Nagar, Baranagar 199867",Bengaluru,977487,False,2026-02-17 05:09:07
ADDR000087,"35/97, Dora Circle, Hospet 518203",Mumbai,923893,False,2026-01-13 02:38:27
ADDR000088,"89/25, Mandal Path, Alappuzha-905151",Hyderabad,394872,False,2026-01-24 21:31:04
ADDR000089,"H.No. 92, Bumb Path, Etawah-629148",Lucknow,741232,False,2026-02-05 01:09:27
ADDR000090,"816, Pathak Circle, Mirzapur-235733",Kolkata,754773,False,2026-01-11 20:44:33
ADDR000091,"H.No. 418, Vyas Circle, Naihati-962229",Hyderabad,196920,False,2026-02-11 13:06:25
ADDR000092,"H.No. 653, Mane Chowk, Muzaffarpur-473597",Pune,673549,False,2026-02-03 07:47:49
ADDR000093,"88, Edwin Marg, Mahbubnagar-407581",Chennai,224836,False,2026-02-27 09:41:05
ADDR000094,"H.No. 247, Din Circle, Mysore 750606",Chennai,198607,False,2026-01-19 01:12:55
ADDR000095,"15, Bala Ganj, Navi Mumbai 220472",Vapi,335168,False,2026-02-28 05:17:41
ADDR000096,"01/04, Doctor Ganj, Bhubaneswar-341036",Pune,875633,False,2026-02-08 12:44:17
ADDR000097,"H.No. 798, Varma Nagar, Asansol-609539",Mumbai,558450,False,2026-01-25 14:22:32
ADDR000098,"18/518, Tripathi Circle, Pali-065405",Bengaluru,594988,False,2026-01-07 01:45:42
ADDR000099,"195, Basu Street, Bongaigaon 277221",Jaipur,839682,False,2026-01-06 11:02:43
ADDR000100,"H.No. 30, Barman Ganj, Tirupati-874034",Pune,689611,False,2026-01-04 15:59:20
ADDR000101,"54/156, Sarraf Marg, Sonipat 775841",Hyderabad,332309,False,2026-01-03 07:35:16
ADDR000102,"92, Memon Circle, Kota-544796",Lucknow,500204,False,2026-02-14 08:26:40
ADDR000103,"H.No. 70, Saran Path, Howrah-658202",Kolkata,888234,False,2026-02-28 19:45:39
ADDR000104,"135, Rajagopal Path, Mahbubnagar-755719",Kolkata,416951,False,2026-01-25 22:50:05
ADDR000105,"54, Comar Ganj, Gaya-868144",Lucknow,483971,False,2026-01-31 15:56:59
ADDR000106,"47/31, Borah Street, Malegaon-155188",Bengaluru,991057,False,2026-02-08 09:31:53
ADDR000107,"258, Dara Ganj, Kolhapur 705895",Chennai,626561,False,2026-01-24 16:00:45
ADDR000108,"11/46, Vora Chowk, Alappuzha-251778",Delhi,887272,False,2026-02-22 06:05:56
ADDR000109,"92/26, Bhakta Circle, Kadapa 422535",Vapi,431621,False,2026-01-16 03:03:54
ADDR000110,"H.No. 38, Dass Road, Srikakulam 829922",Mumbai,758383,False,2026-01-20 08:16:46
ADDR000111,"H.No. 109, Kade Road, Tadipatri 784473",Vapi,882870,False,2026-01-08 13:30:13
ADDR000112,"10, Sarraf Street, Karawal Nagar-359255",Surat,226259,False,2026-01-29 22:24:15
ADDR000113,"588, Nagar Zila, Kirari Suleman Nagar 473210",Pune,960704,False,2026-02-08 18:44:56
ADDR000114,"63/25, Munshi, Kozhikode 877470",Vapi,636220,False,2026-02-18 16:31:36
ADDR000115,"73/39, Bava Path, Ichalkaranji 974801",Vapi,873738,False,2026-01-25 06:51:01
ADDR000116,"H.No. 56, Bath Path, Faridabad-584168",Hyderabad,986338,False,2026-02-14 15:09:36
ADDR000117,"91/21, Prakash Marg, Proddatur-239868",Surat,619604,False,2026-02-24 19:29:56
ADDR000118,"H.No. 257, Shan Circle, Medininagar 595269",Jaipur,768307,False,2026-01-11 11:44:42
ADDR000119,"88/79, Soman Road, Arrah 169409",Ahmedabad,758253,False,2026-02-14 21:34:33
ADDR000120,"99/309, Garde Chowk, Siliguri-091307",Surat,394250,False,2026-01-18 20:34:16
ADDR000121,"636, Sinha Circle, Durgapur 857865",Surat,987544,False,2026-01-11 14:42:40
ADDR000122,"58/54, Sule, Shahjahanpur-843443",Hyderabad,953280,False,2026-01-12 18:48:30
ADDR000123,"58, Mani Road, Chapra-652404",Lucknow,201057,False,2026-01-11 12:29:21
ADDR000124,"47, Jaggi Ganj, Kishanganj 219933",Lucknow,646720,False,2026-02-02 17:37:58
ADDR000125,"30/165, Chaudhry Chowk, Kolkata 677345",Vapi,376417,False,2026-01-30 16:40:06
ADDR000126,"H.No. 938, Gill Nagar, Belgaum 672400",Kolkata,765880,False,2026-01-20 14:15:19
ADDR000127,"H.No. 47, Viswanathan Circle, Guntur 431527",Kolkata,503521,False,2026-02-01 23:24:45
ADDR000128,"H.No. 549, Gill Ganj, Purnia 161227",Vapi,454288,False,2026-02-09 10:07:26
ADDR000129,"H.No. 463, Loke Chowk, Barasat 453017",Surat,786160,False,2026-02-28 08:01:56
ADDR000130,"84, Merchant Zila, Srikakulam 327279",Kolkata,353756,False,2026-02-28 11:49:11
ADDR000131,"87/833, Bumb, Dehri 191088",Kolkata,317268,False,2026-01-19 17:08:24
ADDR000132,"587, Jha Zila, Mysore-072867",Chennai,850245,False,2026-01-06 11:03:48
ADDR000133,"40/640, Bora Ganj, Bhusawal 180170",Jaipur,598616,False,2026-01-05 08:02:14
ADDR000134,"265, Sen Marg, Gandhinagar 825128",Kolkata,777835,False,2026-02-12 19:57:42
ADDR000135,"30/047, Samra Circle, Berhampur-752431",Ahmedabad,401900,False,2026-01-10 16:00:11
ADDR000136,"03/31, Bandi Zila, Khora  306738",Mumbai,423597,False,2026-02-07 07:14:13
ADDR000137,"843, Nagar, Patiala-283644",Mumbai,998824,False,2026-02-04 13:42:26
ADDR000138,"68/705, Vohra Marg, Erode 246287",Chennai,965894,False,2026-01-11 20:27:04
ADDR000139,"H.No. 27, Sachar Nagar, Proddatur-634351",Surat,353589,False,2026-01-23 09:41:56
ADDR000140,"H.No. 830, Purohit Road, Srinagar-983735",Pune,995352,False,2026-01-15 19:17:33
ADDR000141,"317, Jayaraman Ganj, Mathura 467854",Surat,412263,False,2026-01-17 19:49:14
ADDR000142,"77/17, Jani Path, Satara 093204",Kolkata,724373,False,2026-01-21 08:33:35
ADDR000143,"353, Korpal Marg, Jamalpur-477725",Delhi,456452,False,2026-02-01 21:14:07
ADDR000144,"87/280, Bandi Circle, Nashik-623120",Mumbai,170787,False,2026-02-24 03:48:24
ADDR000145,"H.No. 09, Subramanian, Pune-886008",Mumbai,466196,False,2026-02-15 01:40:23
ADDR000146,"H.No. 862, Char Zila, New Delhi 984546",Chennai,545295,False,2026-01-06 02:27:41
ADDR000147,"79, Kara Ganj, Jodhpur 166687",Lucknow,670764,False,2026-02-20 05:56:33
ADDR000148,"21/765, Chandran, Berhampur 974014",Vapi,415724,False,2026-01-03 10:16:22
ADDR000149,"H.No. 03, Dhawan, Solapur 293968",Hyderabad,230745,False,2026-02-01 11:08:53
ADDR000150,"21/850, Sarkar Zila, Aurangabad 999650",Delhi,929710,False,2026-02-05 12:49:16
ADDR000151,"35, Prashad Circle, Gaya 194311",Chennai,929106,False,2026-02-15 09:52:40
ADDR000152,"26, Patel Path, Mysore 475412",Pune,231856,False,2026-01-21 06:49:48
ADDR000153,"78, Vala Circle, Kota 158199",Kolkata,789255,False,2026-01-16 10:53:20
ADDR000154,"H.No. 466, Kibe Zila, Nadiad 244472",Jaipur,354552,False,2026-01-15 13:24:24
ADDR000155,"46, Sule Road, Karimnagar 379937",Pune,244743,False,2026-01-24 20:59:32
ADDR000156,"H.No. 06, Rai Path, Gandhidham 692459",Hyderabad,352037,False,2026-02-15 18:15:16
ADDR000157,"H.No. 26, Manne Path, Ramgarh-564651",Chennai,725556,False,2026-02-12 11:55:45
ADDR000158,"80/737, Biswas Road, Panchkula-434266",Kolkata,342396,False,2026-02-18 22:28:15
ADDR000159,"79/68, Sahota Circle, Karimnagar 135290",Bengaluru,349417,False,2026-02-21 14:59:02
ADDR000160,"10, Kuruvilla Zila, Sasaram-756798",Hyderabad,727315,False,2026-01-03 11:57:09
ADDR000161,"H.No. 714, Chada Marg, Ajmer-457387",Kolkata,881870,False,2026-02-11 19:31:30
ADDR000162,"H.No. 775, Mital Zila, Raipur 512382",Ahmedabad,864125,False,2026-01-18 14:08:28
ADDR000163,"67/36, Grewal Street, Tenali-937966",Hyderabad,162474,False,2026-02-11 04:53:48
ADDR000164,"419, Yadav Zila, Ambarnath 371478",Jaipur,776239,False,2026-02-14 04:12:45
ADDR000165,"69/15, Shankar Path, Bihar Sharif 251341",Delhi,699560,False,2026-02-15 00:52:29
ADDR000166,"28/669, Rajagopal Street, Gaya-828274",Bengaluru,528832,False,2026-02-23 21:06:51
ADDR000167,"H.No. 79, Parmer Nagar, Shivpuri-368876",Hyderabad,777841,False,2026-02-01 06:58:12
ADDR000168,"77/219, Kannan Nagar, Patna-384279",Kolkata,663854,False,2026-02-08 09:44:12
ADDR000169,"14/85, Barman Circle, Bongaigaon-613407",Lucknow,913921,False,2026-01-18 10:39:48
ADDR000170,"H.No. 713, Panchal Ganj, Dehradun 330958",Surat,665075,False,2026-02-05 03:25:21
ADDR000171,"H.No. 44, Loke, Bhavnagar 042232",Chennai,475002,False,2026-02-08 10:42:05
ADDR000172,"67/294, Prashad Marg, Aurangabad 684577",Hyderabad,358555,False,2026-02-18 07:48:57
ADDR000173,"17/518, Kamdar Marg, Rajpur Sonarpur 454589",Hyderabad,680144,False,2026-01-02 20:09:50
ADDR000174,"H.No. 00, Sharaf Zila, Amravati-770632",Mumbai,863354,False,2026-01-09 09:20:07
ADDR000175,"H.No. 15, Butala Road, Dehradun 643611",Lucknow,910166,False,2026-01-29 09:39:25
ADDR000176,"12, Kara, Bangalore 516271",Vapi,484503,False,2026-02-26 03:47:42
ADDR000177,"H.No. 115, Mistry Path, Eluru-218909",Bengaluru,485065,False,2026-01-23 22:42:08
ADDR000178,"H.No. 32, Savant Marg, Chandigarh-219656",Lucknow,139346,False,2026-02-18 20:46:00
ADDR000179,"413, Mane Circle, Barasat 898364",Mumbai,384126,False,2026-02-05 04:01:58
ADDR000180,"61, Tata Ganj, Dehri 552696",Delhi,541104,False,2026-02-28 19:47:22
ADDR000181,"10, Bir, Firozabad 006848",Lucknow,127197,False,2026-02-04 21:56:08
ADDR000182,"61/889, Mall Street, Tirupati-832856",Kolkata,161402,False,2026-02-08 08:42:02
ADDR000183,"63/031, D’Alia Marg, Pudukkottai 421020",Ahmedabad,713609,False,2026-01-18 13:15:46
ADDR000184,"H.No. 88, Ganesan Road, Cuttack-105648",Chennai,762362,False,2026-02-12 13:45:23
ADDR000185,"91/778, Bhakta Path, Tezpur 524191",Delhi,294759,False,2026-02-04 14:17:10
ADDR000186,"H.No. 030, Patla Chowk, Jalgaon-086353",Lucknow,281616,False,2026-01-13 22:16:09
ADDR000187,"H.No. 19, Dar Path, Mangalore-806174",Lucknow,727034,False,2026-02-23 05:38:12
ADDR000188,"H.No. 870, Iyer Path, Phusro 937597",Lucknow,957949,False,2026-01-12 03:32:50
ADDR000189,"060, Pal Ganj, Thanjavur-641383",Chennai,314187,False,2026-01-04 06:29:43
ADDR000190,"H.No. 241, Kata Nagar, Serampore-191826",Lucknow,695578,False,2026-01-06 01:46:28
ADDR000191,"23, Lal Road, Singrauli 574313",Bengaluru,271684,False,2026-01-24 18:32:57
ADDR000192,"127, Murthy Chowk, Jamshedpur-374741",Pune,360092,False,2026-02-24 21:08:16
ADDR000193,"49/035, Chand Street, Raurkela Industrial Township 804420",Bengaluru,605689,False,2026-01-26 20:10:50
ADDR000194,"83/17, Dey Zila, Ahmedabad-323651",Hyderabad,843210,False,2026-02-27 17:22:21
ADDR000195,"H.No. 137, Chanda Street, Bhilai 702966",Mumbai,517339,False,2026-01-08 00:43:29
ADDR000196,"62, Kala Path, Panipat-720999",Pune,655329,False,2026-01-25 06:53:18
ADDR000197,"68, Bhat Chowk, Parbhani-263838",Chennai,380961,False,2026-01-18 16:36:43
ADDR000198,"57/875, Thakkar, Munger 205930",Chennai,436587,False,2026-02-10 13:58:38
ADDR000199,"85, Kaul, Salem 348039",Delhi,136751,False,2026-01-31 11:42:36
ADDR000200,"239, Parmer Path, Nagercoil-937842",Jaipur,332845,False,2026-01-12 20:54:20
ADDR000201,"H.No. 039, Bahri Ganj, Mumbai-932525",Kolkata,445786,False,2026-02-13 10:16:19
ADDR000202,"921, Patla Circle, Dindigul 915452",Delhi,209001,False,2026-02-02 14:41:44
ADDR000203,"75/289, Kapoor Path, Burhanpur-422096",Hyderabad,756414,False,2026-01-30 20:40:34
ADDR000204,"59/39, Taneja Zila, Bathinda 355215",Hyderabad,243709,False,2026-01-10 15:23:52
ADDR000205,"H.No. 33, Palla Zila, Moradabad-067626",Lucknow,303854,False,2026-01-30 15:27:53
ADDR000206,"H.No. 86, Srinivas Zila, Ujjain-104054",Lucknow,908050,False,2026-01-16 18:59:26
ADDR000207,"H.No. 26, Borde Street, Sonipat 062962",Delhi,797231,False,2026-02-10 13:11:01
ADDR000208,"H.No. 33, Zachariah Marg, Ichalkaranji 310698",Chennai,634209,False,2026-01-12 03:14:43
ADDR000209,"H.No. 506, Menon Zila, Kollam-032417",Jaipur,754576,False,2026-01-18 15:54:23
ADDR000210,"77, Chand Road, Udaipur 652704",Pune,400660,False,2026-01-02 20:17:18
ADDR000211,"H.No. 34, Bhatia, Jalandhar-586938",Delhi,963947,False,2026-01-27 21:44:38
ADDR000212,"68/79, Soni Ganj, Vijayawada 089899",Delhi,139842,False,2026-01-21 20:25:27
ADDR000213,"22, Hans Ganj, Kalyan-Dombivli-163294",Surat,446314,False,2026-02-28 23:14:08
ADDR000214,"H.No. 686, Nanda Circle, Saharsa 099861",Pune,787560,False,2026-02-16 08:11:20
ADDR000215,"999, Cherian Zila, Baranagar-646799",Mumbai,105481,False,2026-02-24 10:13:24
ADDR000216,"462, Ratti, Tenali-307450",Surat,219364,False,2026-02-08 02:43:16
ADDR000217,"H.No. 47, Kari Zila, Dewas 546913",Surat,955583,False,2026-01-18 11:40:02
ADDR000218,"78, Bhalla Path, Amritsar-862890",Lucknow,681698,False,2026-02-24 17:49:09
ADDR000219,"030, Bedi Chowk, Davanagere-578610",Delhi,640899,False,2026-01-02 10:40:39
ADDR000220,"97, Som Street, Hapur-414060",Hyderabad,110267,False,2026-01-27 03:09:59
ADDR000221,"334, Varghese Marg, Bangalore-229034",Lucknow,692228,False,2026-01-19 16:41:32
ADDR000222,"65, Krishnan Chowk, Kirari Suleman Nagar 896910",Pune,430699,False,2026-02-13 04:02:55
ADDR000223,"H.No. 17, Nayar Zila, Anantapur 443283",Chennai,182663,False,2026-01-30 21:31:42
ADDR000224,"52/074, Sahota Road, Munger 993538",Lucknow,529422,False,2026-01-13 01:07:52
ADDR000225,"42/82, Chatterjee Road, Warangal-825135",Mumbai,949551,False,2026-02-14 21:11:12
ADDR000226,"55, Menon Road, Kochi-099917",Delhi,166536,False,2026-01-08 14:53:47
ADDR000227,"68/460, Devan Street, Tiruvottiyur-972521",Hyderabad,830687,False,2026-01-10 10:22:51
ADDR000228,"25/007, Kadakia Road, Gangtok-712966",Lucknow,101700,False,2026-02-13 14:05:00
ADDR000229,"60, Walla Nagar, Dindigul-583003",Chennai,964476,False,2026-01-29 01:47:50
ADDR000230,"H.No. 21, Thakur Marg, Rourkela-044789",Chennai,318632,False,2026-02-18 18:32:05
ADDR000231,"25/753, Raval Street, Ambattur 230982",Hyderabad,416836,False,2026-02-13 09:42:22
ADDR000232,"06/489, Bava Nagar, Jaipur 167618",Ahmedabad,697451,False,2026-01-27 06:58:11
ADDR000233,"23/046, Venkatesh Zila, Medininagar 618914",Mumbai,105265,False,2026-01-03 07:22:22
ADDR000234,"39, Lall Ganj, Secunderabad 420873",Ahmedabad,562261,False,2026-02-14 02:28:06
ADDR000235,"001, Tak Zila, Mysore-143744",Vapi,257096,False,2026-02-26 11:31:15
ADDR000236,"H.No. 204, Munshi Path, Bhiwandi-002255",Surat,654342,False,2026-02-01 07:02:45
ADDR000237,"15/521, Ratta Marg, Darbhanga-762120",Bengaluru,260421,False,2026-01-02 02:25:36
ADDR000238,"97, Sarma, Phagwara-590277",Kolkata,489828,False,2026-01-12 07:45:45
ADDR000239,"01, Murthy Road, Loni 588916",Delhi,157179,False,2026-02-07 19:35:46
ADDR000240,"H.No. 62, Bhagat Circle, Sangli-Miraj & Kupwad-721753",Jaipur,668471,False,2026-01-07 12:44:38
ADDR000241,"H.No. 838, Rau Marg, Vijayawada 797177",Mumbai,195595,False,2026-02-14 08:15:47
ADDR000242,"01, Sachar Marg, Proddatur 199488",Jaipur,365347,False,2026-01-04 06:09:58
ADDR000243,"H.No. 50, Sha Ganj, Karaikudi-571130",Chennai,828791,False,2026-01-09 11:04:42
ADDR000244,"48/851, Gala Nagar, Kolhapur 149331",Lucknow,516999,False,2026-01-09 08:12:47
ADDR000245,"35, Sachdeva Zila, Giridih-779827",Surat,566542,False,2026-02-09 14:55:00
ADDR000246,"69/78, Ghose Street, Vasai-Virar 995866",Delhi,434478,False,2026-02-07 07:43:15
ADDR000247,"54, Deol Chowk, Haridwar-858333",Kolkata,156636,False,2026-02-05 15:39:10
ADDR000248,"22/885, Pandey Zila, Ballia 846081",Surat,807744,False,2026-01-13 06:08:48
ADDR000249,"003, Dyal Road, Chandrapur 043805",Vapi,714604,False,2026-01-04 08:38:04
ADDR000250,"83/86, Vaidya Ganj, Nashik-665800",Delhi,929132,False,2026-01-13 08:47:19
ADDR000251,"73/59, Hegde Circle, Durg 212281",Delhi,505854,False,2026-02-01 00:15:30
ADDR000252,"48, De Road, Bhimavaram-057202",Ahmedabad,692977,False,2026-02-28 22:23:26
ADDR000253,"94/798, Bora Path, Hajipur 281826",Lucknow,123333,False,2026-01-06 05:25:13
ADDR000254,"H.No. 33, Narula Path, Durg-987801",Mumbai,455712,False,2026-01-21 16:07:11
ADDR000255,"993, Nagi Nagar, Raipur 484085",Surat,429540,False,2026-01-02 19:24:21
ADDR000256,"H.No. 435, Butala Circle, Rourkela-133613",Vapi,334244,False,2026-02-23 20:13:01
ADDR000257,"20/750, Borah Zila, Mangalore-819346",Lucknow,892471,False,2026-02-18 08:43:23
ADDR000258,"66/506, Warrior Zila, Tadipatri-901581",Delhi,663561,False,2026-01-25 07:32:26
ADDR000259,"14/76, Balasubramanian Marg, Sangli-Miraj & Kupwad 268424",Kolkata,771295,False,2026-01-30 13:21:14
ADDR000260,"82/10, Ramesh Nagar, Farrukhabad 536822",Chennai,924698,False,2026-02-09 03:08:42
ADDR000261,"43/12, Bhagat, Jamalpur-414139",Vapi,313428,False,2026-02-19 10:58:28
ADDR000262,"H.No. 23, Mane Zila, Jammu-775949",Chennai,514437,False,2026-02-20 18:22:07
ADDR000263,"H.No. 62, Munshi Nagar, Korba-452577",Hyderabad,325457,False,2026-02-24 00:25:03
ADDR000264,"H.No. 78, Gill Zila, Parbhani-834110",Surat,379968,False,2026-01-19 01:39:49
ADDR000265,"30/84, Zacharia Circle, Jalgaon 639427",Bengaluru,121175,False,2026-02-02 14:52:53
ADDR000266,"H.No. 80, Gandhi Ganj, Amroha 299275",Chennai,864173,False,2026-01-11 02:25:34
ADDR000267,"31, Pingle Road, Kalyan-Dombivli 856770",Kolkata,556143,False,2026-02-06 02:29:12
ADDR000268,"H.No. 844, Ghosh, Burhanpur 918463",Delhi,519897,False,2026-02-06 22:29:07
ADDR000269,"H.No. 77, Ahuja, Gandhidham-318432",Hyderabad,887408,False,2026-02-01 05:49:14
ADDR000270,"H.No. 91, Sachdeva Ganj, Raipur-773926",Hyderabad,127738,False,2026-01-10 22:35:08
ADDR000271,"H.No. 299, Desai Street, Chapra 024286",Pune,460022,False,2026-02-21 10:03:53
ADDR000272,"H.No. 379, Subramaniam Chowk, Muzaffarnagar 929298",Lucknow,243072,False,2026-02-04 21:32:48
ADDR000273,"57/991, Radhakrishnan Ganj, Mira-Bhayandar 038862",Pune,191028,False,2026-02-09 06:55:59
ADDR000274,"99, Wali Nagar, Tiruchirappalli 298068",Ahmedabad,178711,False,2026-01-28 14:48:32
ADDR000275,"H.No. 863, Raj Chowk, Giridih-624731",Jaipur,394400,False,2026-01-22 01:21:25
ADDR000276,"H.No. 30, Virk Nagar, Saharsa 635651",Delhi,283904,False,2026-02-27 21:15:17
ADDR000277,"94/486, Pau, Sikar-688725",Kolkata,258438,False,2026-01-29 11:34:35
ADDR000278,"H.No. 95, Devi Marg, Berhampur-213865",Bengaluru,498466,False,2026-01-09 14:08:42
ADDR000279,"01, Sinha Street, Hubli–Dharwad 435190",Kolkata,613173,False,2026-02-07 08:56:37
ADDR000280,"84/90, Talwar Street, Hyderabad-843098",Pune,357379,False,2026-01-15 17:22:22
ADDR000281,"05/302, Majumdar Zila, Nagercoil-693801",Bengaluru,486480,False,2026-01-27 15:16:10
ADDR000282,"89/554, Hayer Ganj, Sambhal 426818",Jaipur,147191,False,2026-01-17 14:53:16
ADDR000283,"H.No. 18, Yogi Road, Mango 973577",Vapi,923720,False,2026-02-24 22:09:47
ADDR000284,"H.No. 416, Karpe Ganj, Haridwar 880434",Chennai,223417,False,2026-01-12 16:37:17
ADDR000285,"51/827, Pandya Path, Chapra 237333",Delhi,959110,False,2026-02-22 02:52:36
ADDR000286,"339, Dugal Path, Jamshedpur 790807",Lucknow,756820,False,2026-01-21 05:52:58
ADDR000287,"94, Goswami Chowk, Sikar 920867",Pune,857287,False,2026-02-18 01:08:39
ADDR000288,"27, Vasa Zila, Satna 036915",Ahmedabad,853804,False,2026-01-21 11:00:05
ADDR000289,"843, Sinha Road, Ambarnath 763655",Hyderabad,855649,False,2026-01-23 05:01:03
ADDR000290,"29, Karnik Street, Gopalpur-866322",Lucknow,507956,False,2026-01-18 13:47:27
ADDR000291,"672, Walla Circle, Morbi-489061",Bengaluru,646010,False,2026-01-29 07:11:52
ADDR000292,"471, Natt Chowk, Karimnagar-884506",Hyderabad,768840,False,2026-01-01 01:29:22
ADDR000293,"93/998, Mane Street, Anantapur 716947",Delhi,965633,False,2026-02-09 03:33:30
ADDR000294,"56/996, Buch Zila, Tiruvottiyur-554496",Ahmedabad,113260,False,2026-02-05 07:22:50
ADDR000295,"H.No. 98, Sachdev Chowk, Udaipur 234132",Pune,639901,False,2026-01-03 10:03:23
ADDR000296,"H.No. 178, Bal Nagar, Loni-149216",Ahmedabad,620081,False,2026-01-18 02:42:28
ADDR000297,"472, Vyas Street, Bhopal 557784",Mumbai,974417,False,2026-02-11 20:29:28
ADDR000298,"82/997, Saran, Sri Ganganagar-831745",Kolkata,790379,False,2026-02-09 14:01:29
ADDR000299,"400, Deshpande Circle, Baranagar-807740",Delhi,509313,False,2026-02-22 10:21:24
ADDR000300,"30/85, Sabharwal Ganj, Tenali-266341",Chennai,974986,False,2026-01-04 19:07:05
ADDR000301,"94/48, Sachar Road, Coimbatore-241797",Chennai,415206,False,2026-02-06 10:15:48
ADDR000302,"502, Warrior Nagar, Gaya 442703",Bengaluru,306226,False,2026-02-09 01:31:01
ADDR000303,"H.No. 735, Muni Marg, Serampore 051204",Chennai,891102,False,2026-02-21 08:11:35
ADDR000304,"72/34, Arora Marg, Kulti-730371",Chennai,603953,False,2026-01-20 15:21:42
ADDR000305,"45, Basak Street, Nizamabad-435031",Hyderabad,703327,False,2026-01-18 07:03:54
ADDR000306,"H.No. 02, Dar Road, Latur-097925",Delhi,333204,False,2026-02-24 20:05:01
ADDR000307,"719, Bhasin Path, Raurkela Industrial Township 812735",Chennai,427461,False,2026-02-07 02:24:21
ADDR000308,"30/652, Baral Road, Bahraich 873928",Delhi,341612,False,2026-01-11 07:21:09
ADDR000309,"74/982, Wali Zila, Hospet 485708",Surat,939470,False,2026-02-14 14:07:10
ADDR000310,"H.No. 959, Nagi Ganj, Siwan-387829",Bengaluru,654772,False,2026-02-09 01:46:22
ADDR000311,"51, Virk Zila, Varanasi 203173",Vapi,240548,False,2026-02-13 10:32:09
ADDR000312,"67/89, Kunda, Ambarnath 910371",Bengaluru,611823,False,2026-02-21 21:00:05
ADDR000313,"H.No. 86, Bhardwaj Path, Dehri-141381",Mumbai,233229,False,2026-02-17 23:23:34
ADDR000314,"63/38, Gola Ganj, Aligarh 761228",Mumbai,716613,False,2026-01-30 13:44:46
ADDR000315,"28/975, Nair Path, Haridwar-593983",Hyderabad,876453,False,2026-02-20 02:07:34
ADDR000316,"H.No. 77, Acharya Marg, Anantapuram-824043",Chennai,103984,False,2026-01-08 13:28:40
ADDR000317,"H.No. 488, Dubey Circle, Agra-522459",Delhi,984006,False,2026-02-05 05:11:54
ADDR000318,"H.No. 41, Ratta, Solapur-727919",Jaipur,307814,False,2026-02-20 04:34:41
ADDR000319,"96/105, Saraf Path, Jamshedpur 906048",Jaipur,776923,False,2026-01-28 15:01:57
ADDR000320,"92/58, Dua Ganj, Singrauli 998136",Jaipur,589645,False,2026-01-23 16:32:34
ADDR000321,"251, Bawa Chowk, Firozabad 686227",Kolkata,391905,False,2026-02-26 05:13:51
ADDR000322,"93, Viswanathan Circle, Latur-465911",Jaipur,765085,False,2026-02-12 06:51:56
ADDR000323,"H.No. 53, Padmanabhan Path, Farrukhabad-597927",Pune,955528,False,2026-01-13 06:19:55
ADDR000324,"521, Bhagat Zila, Udupi 405147",Ahmedabad,162472,False,2026-01-18 09:11:00
ADDR000325,"H.No. 38, Jani Ganj, Motihari-920698",Ahmedabad,540575,False,2026-02-25 12:41:03
ADDR000326,"043, Madan, Kirari Suleman Nagar 164510",Kolkata,470326,False,2026-01-26 04:14:58
ADDR000327,"681, Sundaram Path, Gaya 878003",Kolkata,812019,False,2026-01-17 07:34:04
ADDR000328,"62, Palan Nagar, Raichur 384046",Kolkata,617250,False,2026-01-01 13:21:39
ADDR000329,"256, Chahal Street, Saharsa 639264",Vapi,612855,False,2026-01-15 06:46:54
ADDR000330,"23/29, Jain Circle, Tirupati 629251",Kolkata,710031,False,2026-02-24 00:00:36
ADDR000331,"H.No. 20, Sachdev Path, Avadi 423122",Mumbai,472349,False,2026-01-11 15:06:01
ADDR000332,"99/39, Kashyap Ganj, Secunderabad 728975",Ahmedabad,551446,False,2026-01-29 00:35:47
ADDR000333,"72, Hans Street, Patna-046333",Surat,578490,False,2026-01-25 05:59:39
ADDR000334,"97, Shankar Path, Purnia 096569",Mumbai,360647,False,2026-02-22 22:33:14
ADDR000335,"70, Venkataraman Ganj, Thane 803476",Pune,919370,False,2026-02-01 10:12:02
ADDR000336,"26, Bhagat Road, Madhyamgram 181298",Ahmedabad,486887,False,2026-02-02 20:04:57
ADDR000337,"57, Gola Nagar, Gudivada-714521",Mumbai,151800,False,2026-01-29 01:41:47
ADDR000338,"75/186, Dutta Circle, Jamalpur 025922",Kolkata,595779,False,2026-01-26 07:40:44
ADDR000339,"06/447, Golla Road, Mira-Bhayandar-094077",Chennai,738138,False,2026-02-05 16:16:17
ADDR000340,"73/39, Setty Chowk, Mango-990384",Mumbai,507144,False,2026-02-11 22:37:01
ADDR000341,"205, Dhillon Nagar, Gangtok-510162",Lucknow,358204,False,2026-02-24 13:45:37
ADDR000342,"99/82, Parsa Chowk, Tiruchirappalli-556168",Kolkata,493904,False,2026-02-07 00:00:37
ADDR000343,"21, Narayan Road, Loni 390198",Vapi,304157,False,2026-01-09 20:55:15
ADDR000344,"94/695, Vora Road, Bikaner 877293",Pune,175532,False,2026-02-19 07:15:24
ADDR000345,"H.No. 107, Johal Zila, Haridwar 558303",Surat,645031,False,2026-02-27 19:28:02
ADDR000346,"H.No. 448, Naik Circle, Raipur 569902",Mumbai,669289,False,2026-01-27 03:09:32
ADDR000347,"H.No. 77, Deshpande Nagar, Bhatpara-857608",Chennai,380594,False,2026-02-02 03:58:27
ADDR000348,"80/39, Pandya Path, Jalgaon 056829",Kolkata,247608,False,2026-02-06 06:13:21
ADDR000349,"14/50, Sachdev Road, Mehsana-574384",Surat,109358,False,2026-02-21 19:45:22
ADDR000350,"H.No. 03, Sawhney Zila, Karawal Nagar-357845",Kolkata,407997,False,2026-02-13 08:32:50
ADDR000351,"23/07, Vig Marg, Kolkata-091570",Kolkata,791856,False,2026-01-05 19:06:17
ADDR000352,"H.No. 943, Iyer Path, Baranagar 857142",Mumbai,677812,False,2026-01-18 21:58:49
ADDR000353,"H.No. 098, Chaudry Circle, Hosur-854249",Bengaluru,479145,False,2026-02-12 18:54:14
ADDR000354,"H.No. 495, Sawhney Circle, Bikaner-701601",Bengaluru,975874,False,2026-01-25 19:45:33
ADDR000355,"997, Parekh, Thoothukudi-817921",Delhi,164016,False,2026-02-20 13:53:06
ADDR000356,"47, Kata Chowk, Asansol-562557",Delhi,477066,False,2026-02-09 10:52:19
ADDR000357,"H.No. 715, Shenoy Chowk, Ichalkaranji-992816",Ahmedabad,336314,False,2026-01-07 08:49:34
ADDR000358,"14/87, Sachdev Marg, Udupi 827615",Jaipur,541259,False,2026-01-03 20:07:18
ADDR000359,"95, Keer Circle, Solapur-199758",Bengaluru,606432,False,2026-01-10 22:25:59
ADDR000360,"461, Chopra, Khammam 013290",Hyderabad,212069,False,2026-02-17 00:30:42
ADDR000361,"84, Sekhon Marg, Tiruppur-494651",Kolkata,805555,False,2026-01-04 02:16:13
ADDR000362,"405, Bera Circle, Karaikudi 140369",Hyderabad,340854,False,2026-02-06 17:45:47
ADDR000363,"66/668, Ghose Ganj, Kolhapur-865624",Lucknow,304793,False,2026-02-15 09:56:39
ADDR000364,"H.No. 102, Sarkar Chowk, Guwahati-679692",Ahmedabad,841651,False,2026-01-05 19:04:14
ADDR000365,"76/53, Samra Street, Gangtok-384689",Surat,491143,False,2026-01-17 12:35:45
ADDR000366,"H.No. 975, Subramaniam Zila, Ajmer 781891",Bengaluru,986419,False,2026-02-22 02:52:04
ADDR000367,"18/949, Oza Nagar, Nandyal-879565",Delhi,500410,False,2026-02-13 06:41:18
ADDR000368,"094, Lad, Bhalswa Jahangir Pur 904904",Kolkata,270131,False,2026-01-22 06:18:02
ADDR000369,"814, Deo Road, Panipat-019292",Hyderabad,359866,False,2026-02-26 16:21:13
ADDR000370,"437, Wable Street, Tiruvottiyur-292766",Bengaluru,735948,False,2026-02-23 19:12:37
ADDR000371,"23/950, D’Alia Road, Rourkela-674783",Lucknow,819518,False,2026-01-10 08:52:33
ADDR000372,"42, Saran Circle, Tumkur-658018",Delhi,804626,False,2026-02-14 01:21:45
ADDR000373,"45/44, Kumer Zila, Surendranagar Dudhrej 938525",Jaipur,476677,False,2026-01-31 21:11:47
ADDR000374,"H.No. 061, Chawla Circle, Etawah 443009",Mumbai,361925,False,2026-02-01 04:10:05
ADDR000375,"39/11, De Zila, Buxar 124471",Delhi,217041,False,2026-01-03 16:01:22
ADDR000376,"54, Borah Street, Ghaziabad-650442",Bengaluru,993588,False,2026-02-11 01:35:39
ADDR000377,"39, Gokhale Marg, Moradabad-863917",Surat,331427,False,2026-02-05 07:58:16
ADDR000378,"H.No. 119, Sehgal Road, Mehsana 006425",Vapi,416827,False,2026-02-08 18:33:09
ADDR000379,"77/66, Zachariah Zila, Delhi-719855",Jaipur,849054,False,2026-02-27 04:46:57
ADDR000380,"H.No. 158, Buch Path, Ramagundam 280634",Kolkata,624279,False,2026-02-21 06:17:28
ADDR000381,"57/173, Banik Street, Nagpur-761847",Jaipur,425515,False,2026-02-07 04:16:36
ADDR000382,"H.No. 505, Ravi Nagar, Rajpur Sonarpur-829310",Ahmedabad,305880,False,2026-01-31 10:30:03
ADDR000383,"07/903, Atwal Street, Dhanbad-179291",Kolkata,913410,False,2026-02-04 05:56:56
ADDR000384,"99, Bhatnagar Ganj, Purnia 651982",Delhi,988879,False,2026-02-04 02:32:03
ADDR000385,"H.No. 925, Dara Zila, Ajmer 258273",Chennai,778987,False,2026-01-23 16:44:20
ADDR000386,"H.No. 962, Sur Nagar, Chennai 219467",Hyderabad,855493,False,2026-02-21 04:29:44
ADDR000387,"487, Khare Marg, Phagwara-927914",Ahmedabad,435712,False,2026-02-20 22:23:56
ADDR000388,"H.No. 833, Wagle Zila, Tadipatri 883734",Bengaluru,772476,False,2026-02-04 11:00:45
ADDR000389,"H.No. 277, Dutta Street, Meerut 436459",Vapi,478510,False,2026-02-19 02:08:58
ADDR000390,"H.No. 082, Balakrishnan Street, Kottayam-137995",Mumbai,782440,False,2026-01-05 02:53:29
ADDR000391,"53/153, Khalsa Zila, Kollam-317970",Kolkata,275749,False,2026-02-26 20:16:17
ADDR000392,"972, Prakash Marg, Berhampore-543520",Lucknow,194154,False,2026-02-22 15:07:41
ADDR000393,"177, Garg Marg, Muzaffarnagar 929298",Chennai,591076,False,2026-01-06 00:44:53
ADDR000394,"87, Solanki Ganj, Alwar-633569",Delhi,317182,False,2026-02-01 12:44:14
ADDR000395,"06/00, Thaman Chowk, Khandwa-717731",Ahmedabad,870044,False,2026-01-10 17:50:17
ADDR000396,"254, Chana Ganj, Nangloi Jat 279907",Jaipur,105292,False,2026-01-18 04:11:42
ADDR000397,"62/570, Rajan Zila, Bettiah-464989",Bengaluru,211501,False,2026-02-04 11:41:13
ADDR000398,"50/85, Choudhry Nagar, Ambarnath-905528",Vapi,700278,False,2026-02-20 09:23:23
ADDR000399,"538, Sridhar Zila, Kamarhati 548640",Kolkata,148343,False,2026-01-21 09:55:10
ADDR000400,"H.No. 77, Vyas Circle, Nandyal 795137",Lucknow,139788,False,2026-01-06 17:39:11
ADDR000401,"24, Chopra Zila, Bally 272380",Vapi,156955,False,2026-02-26 14:34:24
ADDR000402,"82/756, Bail Chowk, Maheshtala 038569",Lucknow,698603,False,2026-02-01 15:24:57
ADDR000403,"98, Saxena Circle, Avadi 424375",Delhi,473092,False,2026-02-17 15:47:02
ADDR000404,"547, Dyal Street, South Dumdum 223105",Vapi,502282,False,2026-02-19 12:27:14
ADDR000405,"H.No. 52, Banerjee Ganj, Hapur-578284",Lucknow,151861,False,2026-02-06 14:10:05
ADDR000406,"72, Nagarajan Chowk, Kolkata 474929",Kolkata,588590,False,2026-02-15 13:31:51
ADDR000407,"17/028, Morar Zila, Rewa-751509",Vapi,595440,False,2026-01-19 21:40:06
ADDR000408,"H.No. 30, Yohannan Zila, Chandigarh-375998",Surat,967264,False,2026-02-10 11:26:36
ADDR000409,"26, Raju Path, Ahmedabad 554781",Kolkata,193728,False,2026-01-24 16:41:18
ADDR000410,"67/426, Dewan Marg, Asansol-478519",Bengaluru,563403,False,2026-02-18 17:57:50
ADDR000411,"H.No. 646, Shere Street, Kollam-648704",Bengaluru,997080,False,2026-01-08 15:24:52
ADDR000412,"73/00, Lala Street, Chittoor 462730",Delhi,977023,False,2026-01-06 22:03:58
ADDR000413,"19, Srivastava Path, Rampur 158904",Jaipur,787047,False,2026-01-20 11:26:01
ADDR000414,"572, Gade Path, Darbhanga-650448",Mumbai,377635,False,2026-01-05 01:04:52
ADDR000415,"21/928, Mutti Path, Gopalpur 189520",Jaipur,899933,False,2026-02-28 19:52:20
ADDR000416,"H.No. 76, Gaba Path, Bellary-833898",Lucknow,797169,False,2026-02-22 00:17:37
ADDR000417,"11, Badal Street, Karnal 527985",Lucknow,685461,False,2026-02-28 18:41:46
ADDR000418,"H.No. 132, Karan Street, Cuttack-216110",Chennai,471485,False,2026-02-23 11:20:23
ADDR000419,"H.No. 310, Bhargava Circle, Kochi-014011",Chennai,368850,False,2026-01-09 23:21:07
ADDR000420,"501, Mall Street, Nagercoil-893891",Chennai,634278,False,2026-02-22 07:08:35
ADDR000421,"33/42, Agrawal Circle, Kakinada 592712",Delhi,712739,False,2026-02-15 05:08:14
ADDR000422,"38, Reddy Ganj, Satara 718275",Vapi,775042,False,2026-01-10 04:45:22
ADDR000423,"H.No. 571, Mander Marg, Ghaziabad 738646",Pune,957066,False,2026-02-23 14:18:42
ADDR000424,"52, Swamy Nagar, Tenali-811266",Kolkata,966869,False,2026-02-09 09:56:16
ADDR000425,"H.No. 535, Raval Ganj, Muzaffarpur 749946",Mumbai,922653,False,2026-01-10 22:05:41
ADDR000426,"96/784, Sha Street, Bhilai 773201",Hyderabad,314291,False,2026-02-12 10:55:06
ADDR000427,"02, Narain Marg, Avadi 187734",Mumbai,676305,False,2026-02-20 23:57:51
ADDR000428,"48/58, Badami Circle, Chinsurah-675677",Lucknow,376291,False,2026-02-22 22:04:16
ADDR000429,"842, Sankar Chowk, Bijapur 719788",Hyderabad,712054,False,2026-01-30 21:26:48
ADDR000430,"28/06, Talwar Road, Tadepalligudem-450090",Mumbai,102642,False,2026-01-11 19:19:36
ADDR000431,"H.No. 90, Rai Path, Haldia-565033",Surat,958579,False,2026-01-25 04:42:33
ADDR000432,"11/41, Gara Path, Siwan-076986",Surat,144510,False,2026-02-27 01:51:27
ADDR000433,"79/056, Ramakrishnan, Chapra 713578",Bengaluru,133119,False,2026-02-14 17:08:25
ADDR000434,"45/63, Borra Chowk, Tumkur 049639",Hyderabad,363098,False,2026-02-14 19:41:48
ADDR000435,"54/19, Soman Circle, Bhagalpur 148468",Chennai,777596,False,2026-01-12 12:27:59
ADDR000436,"64, Varma, Motihari 082973",Delhi,392428,False,2026-02-05 23:02:11
ADDR000437,"89/690, Iyer Circle, Surendranagar Dudhrej-324665",Bengaluru,228582,False,2026-02-14 04:47:49
ADDR000438,"44, Kunda Street, Machilipatnam 123034",Pune,488310,False,2026-01-15 03:23:42
ADDR000439,"66/03, Mahajan Street, Bhopal-482070",Mumbai,147845,False,2026-02-10 04:59:53
ADDR000440,"H.No. 94, Ray Zila, Mysore 231981",Mumbai,322234,False,2026-02-23 17:49:28
ADDR000441,"H.No. 391, Narayan Path, Noida 321234",Hyderabad,770180,False,2026-01-21 06:08:41
ADDR000442,"H.No. 90, Walla Chowk, Gorakhpur-867342",Surat,839675,False,2026-01-28 17:30:21
ADDR000443,"54/090, Khatri Nagar, Suryapet 451837",Jaipur,471962,False,2026-02-25 17:16:47
ADDR000444,"44, Keer Zila, Bhagalpur-756041",Hyderabad,852811,False,2026-02-06 08:41:27
ADDR000445,"65/612, Toor Road, Nagercoil-985700",Kolkata,416403,False,2026-02-19 03:20:53
ADDR000446,"20/634, Butala Path, Sangli-Miraj & Kupwad-829657",Jaipur,833761,False,2026-02-17 06:39:56
ADDR000447,"H.No. 29, Manda Path, Guwahati-526693",Delhi,888259,False,2026-02-19 16:03:02
ADDR000448,"93/17, Lala Ganj, Dhanbad 969421",Bengaluru,983486,False,2026-02-01 02:15:48
ADDR000449,"10/86, Talwar Chowk, Rajahmundry 344762",Chennai,301099,False,2026-01-22 12:26:18
ADDR000450,"34/36, Rege Street, Bhopal-439735",Mumbai,721634,False,2026-02-11 18:16:50
ADDR000451,"H.No. 725, Kala Marg, Bhusawal-118005",Jaipur,594082,False,2026-01-22 09:38:44
ADDR000452,"H.No. 99, Ahluwalia Nagar, Dibrugarh-465280",Jaipur,884243,False,2026-01-06 04:04:26
ADDR000453,"875, Deo Chowk, Ratlam-241502",Hyderabad,995972,False,2026-02-20 20:32:54
ADDR000454,"56/449, Varughese Road, Junagadh-572870",Surat,264964,False,2026-01-28 10:26:23
ADDR000455,"H.No. 320, Lad Chowk, Bhind-170758",Delhi,879451,False,2026-01-31 14:38:45
ADDR000456,"12, Palla Zila, Kurnool-228499",Bengaluru,181291,False,2026-02-13 12:23:38
ADDR000457,"92/61, Tara Ganj, Ozhukarai-416591",Lucknow,891302,False,2026-02-27 07:28:16
ADDR000458,"H.No. 177, Luthra Chowk, Ozhukarai 975923",Lucknow,807684,False,2026-02-17 21:28:20
ADDR000459,"H.No. 01, Raj Circle, Silchar 236103",Surat,516723,False,2026-02-14 18:08:42
ADDR000460,"42, Misra Zila, Bhiwani-925158",Lucknow,204652,False,2026-02-10 18:02:17
ADDR000461,"67, Sampath Road, Bhusawal-926610",Hyderabad,219206,False,2026-01-11 01:14:07
ADDR000462,"32/788, Mannan Zila, Junagadh 742243",Delhi,907969,False,2026-02-15 13:02:31
ADDR000463,"08/10, Chokshi Circle, Haridwar-794549",Delhi,662917,False,2026-02-08 23:10:06
ADDR000464,"H.No. 722, Bath Marg, Erode 597794",Ahmedabad,645497,False,2026-02-23 12:40:58
ADDR000465,"219, Cherian Road, Deoghar 061027",Ahmedabad,693630,False,2026-02-03 16:40:31
ADDR000466,"97/499, Rana Path, Chandigarh-203103",Hyderabad,901768,False,2026-01-25 10:07:39
ADDR000467,"23, Yohannan Marg, Chandigarh 727601",Lucknow,644719,False,2026-02-10 09:53:54
ADDR000468,"77/707, Kibe, Durg-050166",Lucknow,762343,False,2026-02-03 07:07:27
ADDR000469,"H.No. 767, Sura Circle, Ghaziabad-695814",Kolkata,557884,False,2026-01-21 00:12:37
ADDR000470,"H.No. 795, Sarin Chowk, Nanded-375738",Jaipur,890992,False,2026-02-11 14:39:17
ADDR000471,"72/46, Parsa Marg, Nanded-417223",Lucknow,847311,False,2026-01-22 16:11:00
ADDR000472,"H.No. 674, Kadakia Ganj, Surat-452280",Mumbai,403814,False,2026-02-14 13:00:44
ADDR000473,"19, Dara Ganj, Morbi 550842",Lucknow,562383,False,2026-02-15 22:29:00
ADDR000474,"71, Chaudry Zila, Guna 213524",Mumbai,679713,False,2026-02-10 01:28:42
ADDR000475,"12/552, Jaggi Zila, Vijayanagaram-375482",Ahmedabad,744885,False,2026-01-29 23:55:04
ADDR000476,"H.No. 65, Doshi Ganj, Ambattur 666785",Ahmedabad,643569,False,2026-02-16 20:01:10
ADDR000477,"081, Nigam Zila, Rewa 606029",Bengaluru,370222,False,2026-01-25 17:04:56
ADDR000478,"68, Murthy Road, Bangalore 892673",Bengaluru,400800,False,2026-01-21 16:38:21
ADDR000479,"63/410, Natt Circle, Cuttack-318848",Chennai,469045,False,2026-01-30 18:46:19
ADDR000480,"H.No. 089, Khurana Road, Bhusawal 054851",Jaipur,372645,False,2026-02-19 21:15:23
ADDR000481,"49, Setty Nagar, Noida 544926",Pune,748825,False,2026-01-07 18:33:59
ADDR000482,"H.No. 89, Patel Ganj, Navi Mumbai-661106",Bengaluru,508207,False,2026-01-22 14:33:48
ADDR000483,"715, Rau Circle, Bilaspur-677622",Pune,242572,False,2026-01-28 22:37:47
ADDR000484,"72/881, Shah Ganj, Patna-851961",Jaipur,755608,False,2026-01-15 15:24:41
ADDR000485,"40/82, Prabhu Zila, Dindigul 470229",Hyderabad,572847,False,2026-01-31 13:27:23
ADDR000486,"H.No. 43, Suresh Street, Bhilai-106794",Lucknow,451260,False,2026-02-09 14:03:00
ADDR000487,"79, Devi Street, Hospet-251996",Vapi,368536,False,2026-02-18 13:19:44
ADDR000488,"58, Savant Nagar, Hubli–Dharwad-094818",Chennai,400952,False,2026-02-08 13:09:50
ADDR000489,"89/09, Gulati Circle, Ambala 182043",Kolkata,594520,False,2026-01-14 15:25:00
ADDR000490,"H.No. 895, Bath Marg, Lucknow-626085",Delhi,918049,False,2026-02-21 13:34:20
ADDR000491,"H.No. 118, Mangal Street, South Dumdum-124620",Vapi,561351,False,2026-02-22 04:30:22
ADDR000492,"H.No. 046, Nagarajan Zila, Haridwar 461033",Pune,167951,False,2026-01-12 16:59:24
ADDR000493,"86/14, Nadkarni Nagar, Begusarai-170630",Chennai,439294,False,2026-02-25 09:42:01
ADDR000494,"824, Ray, Gwalior 258238",Chennai,651354,False,2026-01-16 23:21:42
ADDR000495,"H.No. 079, Ganesh Road, Allahabad-494653",Kolkata,610665,False,2026-01-09 21:00:27
ADDR000496,"891, Chakraborty Road, Bhilai 846398",Pune,194856,False,2026-02-22 11:06:15
ADDR000497,"47/435, Kade Path, Khora  020970",Jaipur,947208,False,2026-02-21 15:52:47
ADDR000498,"87, Yohannan Marg, Solapur 715695",Bengaluru,736503,False,2026-01-06 21:44:57
ADDR000499,"01/753, Andra Chowk, Jaipur-531943",Surat,806803,False,2026-02-10 03:33:42
ADDR000500,"H.No. 04, Kadakia Chowk, Thiruvananthapuram-149872",Surat,862216,False,2026-02-20 22:51:28
ADDR000501,"H.No. 921, Lad Street, Nagaon-308948",Delhi,121327,False,2026-02-26 16:55:52
ADDR000502,"05, Ray Marg, Bhilai-758030",Chennai,483760,False,2026-01-03 13:22:21
ADDR000503,"75/06, Natt Ganj, Aurangabad 361332",Kolkata,838700,False,2026-02-19 15:54:44
ADDR000504,"H.No. 107, Bajwa Marg, Chandrapur 173505",Ahmedabad,695193,False,2026-01-31 07:25:32
ADDR000505,"97/17, Dash, Ghaziabad-651207",Pune,599004,False,2026-02-25 05:13:37
ADDR000506,"61/10, Ben Circle, Eluru 196399",Chennai,523172,False,2026-02-05 11:55:12
ADDR000507,"76, Chaudhuri, Indore 859311",Ahmedabad,127600,False,2026-01-17 22:52:01
ADDR000508,"39/28, Pant Road, Ongole 232002",Kolkata,724685,False,2026-02-13 07:57:30
ADDR000509,"54/98, Din Street, Tirupati 450892",Surat,705722,False,2026-02-04 04:48:32
ADDR000510,"80/65, Iyer Ganj, Coimbatore 377959",Chennai,433377,False,2026-02-18 17:59:18
ADDR000511,"52, Sha Zila, Shimla 033793",Pune,743988,False,2026-01-08 07:45:37
ADDR000512,"56/362, Patil Nagar, Srinagar-081247",Delhi,293927,False,2026-01-12 12:19:27
ADDR000513,"H.No. 033, Ghosh Road, Firozabad-583230",Kolkata,673396,False,2026-02-02 21:59:15
ADDR000514,"H.No. 026, Nigam Zila, Farrukhabad-355289",Chennai,619003,False,2026-01-08 01:07:01
ADDR000515,"H.No. 223, Walia Ganj, Dindigul-963099",Pune,239471,False,2026-01-05 12:40:34
ADDR000516,"530, Date Road, Bhagalpur-791286",Delhi,200021,False,2026-01-29 04:33:07
ADDR000517,"72/55, Subramanian Circle, Bhalswa Jahangir Pur 969033",Ahmedabad,646646,False,2026-01-26 22:38:13
ADDR000518,"634, Purohit Marg, Dindigul-812147",Bengaluru,118800,False,2026-02-12 00:53:43
ADDR000519,"07/89, Sandhu Path, Bhind 657546",Surat,352911,False,2026-01-13 01:51:38
ADDR000520,"34, Parmer Zila, Durg 431115",Chennai,292949,False,2026-01-14 04:28:26
ADDR000521,"H.No. 35, Mittal Road, Jhansi 840445",Pune,806684,False,2026-02-12 00:36:34
ADDR000522,"07/82, Kari Marg, Bhagalpur-389877",Surat,421621,False,2026-01-30 01:22:47
ADDR000523,"H.No. 36, Kadakia Marg, Hospet 529240",Hyderabad,137827,False,2026-01-23 22:06:30
ADDR000524,"H.No. 36, Raval Marg, Anantapur-902259",Chennai,530850,False,2026-01-10 07:47:57
ADDR000525,"618, Guha Marg, Moradabad-974121",Jaipur,858485,False,2026-02-26 16:30:33
ADDR000526,"97/023, Raju Zila, Tiruppur-481705",Delhi,205869,False,2026-02-27 00:31:50
ADDR000527,"H.No. 66, Choudhry Street, Jorhat 716323",Vapi,629661,False,2026-01-19 23:17:36
ADDR000528,"72/994, Jain, Bally 027169",Ahmedabad,582086,False,2026-02-19 23:50:55
ADDR000529,"77/79, Chand Nagar, Sirsa-469263",Ahmedabad,124792,False,2026-02-11 06:37:09
ADDR000530,"62, Chandran, Varanasi-248413",Lucknow,368264,False,2026-01-07 21:06:40
ADDR000531,"15/11, Nanda Circle, Hospet-438070",Delhi,856699,False,2026-01-27 09:43:14
ADDR000532,"56, Ranganathan Ganj, Hyderabad 125777",Ahmedabad,964556,False,2026-01-04 14:33:33
ADDR000533,"37/27, Edwin Road, Surat 241862",Bengaluru,849919,False,2026-02-01 20:50:25
ADDR000534,"42/752, Banerjee Ganj, Mango 816470",Mumbai,732597,False,2026-01-09 03:55:58
ADDR000535,"33, Khare Path, Mysore 600531",Lucknow,818041,False,2026-02-18 15:21:39
ADDR000536,"22/068, Narain Zila, Kishanganj-938661",Pune,341041,False,2026-02-22 00:02:47
ADDR000537,"H.No. 552, Ratti Nagar, Ahmedabad-373149",Ahmedabad,671885,False,2026-01-09 01:18:41
ADDR000538,"H.No. 364, Tata, Jorhat 419562",Kolkata,622083,False,2026-01-18 05:48:17
ADDR000539,"57/150, Sen, Sasaram 890309",Lucknow,220312,False,2026-02-12 10:38:33
ADDR000540,"639, Bhasin Zila, Dindigul 432630",Surat,610530,False,2026-01-07 04:23:36
ADDR000541,"52/450, Sachdeva Circle, Nagpur-553380",Ahmedabad,576109,False,2026-02-02 13:53:46
ADDR000542,"68/52, Ahuja Chowk, Pallavaram-302321",Chennai,663477,False,2026-01-16 14:01:23
ADDR000543,"816, Mukhopadhyay Chowk, Davanagere-629344",Ahmedabad,635127,False,2026-02-08 02:33:26
ADDR000544,"H.No. 71, Rao Path, Rourkela-768962",Lucknow,894281,False,2026-02-15 20:29:10
ADDR000545,"61, Yogi Road, Begusarai-467474",Lucknow,881920,False,2026-01-15 07:20:47
ADDR000546,"H.No. 527, Dubey Ganj, Kolkata-857666",Chennai,579748,False,2026-01-28 11:30:14
ADDR000547,"49, Rege Zila, Amravati 923645",Jaipur,108401,False,2026-01-09 04:48:00
ADDR000548,"06/633, Banerjee Chowk, Bhopal-497243",Jaipur,839768,False,2026-01-18 20:07:04
ADDR000549,"H.No. 166, Buch, Bhusawal-644886",Chennai,605343,False,2026-01-29 03:35:55
ADDR000550,"11/952, Kadakia Road, Aizawl 270116",Bengaluru,550413,False,2026-02-18 08:16:11
ADDR000551,"62/252, Hora Street, South Dumdum-793230",Jaipur,835544,False,2026-02-07 23:38:56
ADDR000552,"H.No. 67, Chopra, Vijayawada-161415",Vapi,324838,False,2026-01-03 17:02:48
ADDR000553,"71, Bhat Nagar, Chennai 138069",Delhi,993211,False,2026-02-07 18:58:28
ADDR000554,"59, Nayar Marg, Tiruvottiyur 356690",Bengaluru,868686,False,2026-01-19 06:09:29
ADDR000555,"H.No. 076, Bal Street, Bettiah 357978",Kolkata,324401,False,2026-01-06 14:21:49
ADDR000556,"H.No. 505, Nanda Nagar, Muzaffarpur-691567",Chennai,305355,False,2026-02-02 14:34:07
ADDR000557,"H.No. 93, Venkatesh Street, Warangal 148727",Mumbai,315829,False,2026-02-03 11:57:48
ADDR000558,"83/332, Cherian Zila, Bhopal 564347",Hyderabad,672343,False,2026-02-08 16:20:20
ADDR000559,"71/53, Bhattacharyya, Burhanpur 863341",Surat,852422,False,2026-01-14 11:09:50
ADDR000560,"H.No. 159, D’Alia Ganj, Warangal 690409",Jaipur,664513,False,2026-02-05 01:33:40
ADDR000561,"55, Venkatesh Street, Aligarh-087524",Lucknow,232955,False,2026-01-23 03:14:58
ADDR000562,"72/942, Nagarajan Nagar, Ambala-497374",Lucknow,902947,False,2026-01-03 04:46:52
ADDR000563,"H.No. 23, Ben Ganj, Morbi-420865",Pune,337772,False,2026-01-10 21:49:22
ADDR000564,"H.No. 66, Wable Zila, Ichalkaranji-861259",Mumbai,584243,False,2026-02-09 09:04:46
ADDR000565,"29, Sathe Street, Jalna 333059",Ahmedabad,431533,False,2026-02-15 12:10:21
ADDR000566,"62, Char Nagar, Bhalswa Jahangir Pur 018596",Kolkata,917583,False,2026-01-21 11:23:45
ADDR000567,"013, Suresh Marg, Kavali-617647",Bengaluru,510166,False,2026-01-30 21:43:42
ADDR000568,"H.No. 111, Upadhyay Chowk, Lucknow 419267",Pune,849165,False,2026-01-03 16:32:31
ADDR000569,"21/51, Goyal Circle, Jaipur-888718",Ahmedabad,487203,False,2026-01-13 10:35:01
ADDR000570,"12/920, Sekhon Circle, Bhilai 293218",Kolkata,821198,False,2026-02-02 05:12:36
ADDR000571,"H.No. 184, Garg Path, Mumbai 408487",Delhi,167755,False,2026-01-25 21:01:44
ADDR000572,"58/598, Kadakia Circle, Varanasi-032432",Jaipur,382158,False,2026-01-19 05:20:59
ADDR000573,"H.No. 29, Borde Marg, Bhilwara-267146",Vapi,112991,False,2026-01-05 16:54:14
ADDR000574,"H.No. 435, Vaidya, Gurgaon-566093",Delhi,985230,False,2026-01-30 08:32:40
ADDR000575,"H.No. 818, Bhatti Marg, Hubli–Dharwad 542340",Delhi,379361,False,2026-02-27 04:41:51
ADDR000576,"611, Vyas Street, Giridih 185948",Jaipur,301323,False,2026-01-15 04:45:55
ADDR000577,"H.No. 256, Pai Street, Morena 408222",Mumbai,795515,False,2026-01-09 02:33:49
ADDR000578,"H.No. 539, Shankar Marg, Bahraich-784468",Chennai,413535,False,2026-02-06 15:08:35
ADDR000579,"14/651, Bose Zila, Tiruchirappalli-901487",Kolkata,819293,False,2026-01-18 12:56:06
ADDR000580,"82/778, Dash Circle, Kanpur 068538",Hyderabad,449765,False,2026-01-03 18:16:32
ADDR000581,"832, Peri Zila, Kottayam 067625",Jaipur,581900,False,2026-01-29 01:33:47
ADDR000582,"38/144, Memon Chowk, Kakinada 963480",Surat,260961,False,2026-02-27 04:05:33
ADDR000583,"H.No. 509, Narasimhan Chowk, Raichur-052650",Jaipur,298919,False,2026-02-10 00:47:03
ADDR000584,"31, Varkey Circle, Bulandshahr 702437",Lucknow,426227,False,2026-01-21 08:27:06
ADDR000585,"H.No. 56, Yadav Street, Moradabad-722560",Vapi,244245,False,2026-01-01 18:53:22
ADDR000586,"H.No. 340, Rana Street, Bathinda 237416",Kolkata,915887,False,2026-01-30 13:13:48
ADDR000587,"25/686, Choudhary Street, Jaipur-258030",Delhi,585306,False,2026-01-15 20:40:01
ADDR000588,"06/74, Sunder Road, Haldia 928234",Lucknow,650894,False,2026-01-20 20:32:45
ADDR000589,"36/371, Golla Circle, Gudivada 312604",Kolkata,700384,False,2026-02-10 01:05:47
ADDR000590,"09, Chand Ganj, Nadiad-843356",Hyderabad,613566,False,2026-01-03 12:29:49
ADDR000591,"60/41, Patla Road, Etawah-350200",Hyderabad,440213,False,2026-02-01 13:05:55
ADDR000592,"474, Chaudhuri, Udaipur 755411",Surat,958182,False,2026-01-29 12:17:59
ADDR000593,"H.No. 55, Wadhwa, Patiala 396112",Kolkata,197407,False,2026-01-29 10:53:00
ADDR000594,"33/71, Oza Zila, Bhalswa Jahangir Pur 820236",Jaipur,714515,False,2026-02-26 20:08:43
ADDR000595,"H.No. 71, Bir Marg, Gurgaon 294240",Pune,917149,False,2026-02-27 17:51:44
ADDR000596,"67/881, Sarma Street, Kishanganj 694320",Ahmedabad,182330,False,2026-01-23 04:48:49
ADDR000597,"08/78, Lad Circle, Muzaffarnagar-481230",Lucknow,622609,False,2026-02-25 05:49:38
ADDR000598,"H.No. 242, Behl Road, Bhagalpur-059551",Lucknow,156905,False,2026-02-20 19:30:44
ADDR000599,"94, Bhandari Path, Raurkela Industrial Township 424089",Hyderabad,836958,False,2026-01-30 23:01:15
ADDR000600,"Ring Address 600, India",Ahmedabad,177350,False,2026-01-09 23:00:00
ADDR000601,"Ring Address 601, India",Mumbai,599125,False,2026-01-10 01:00:00
ADDR000602,"Ring Address 602, India",Pune,930274,False,2026-01-10 03:00:00
ADDR000603,"Ring Address 603, India",Chennai,666787,False,2026-01-10 05:00:00
ADDR000604,"Ring Address 604, India",Ahmedabad,524409,False,2026-01-10 07:00:00
ADDR000605,"Ring Address 605, India",Pune,181509,False,2026-01-10 09:00:00
ADDR000606,"Ring Address 606, India",Hyderabad,805507,False,2026-01-10 11:00:00
ADDR000607,"Ring Address 607, India",Chennai,249592,False,2026-01-10 13:00:00
ADDR000608,"Ring Address 608, India",Ahmedabad,504424,False,2026-01-20 08:00:00
ADDR000609,"Ring Address 609, India",Pune,175999,False,2026-01-20 08:15:00
ADDR000610,"Ring Address 610, India",Chennai,804460,False,2026-01-20 08:30:00
ADDR000611,"Ring Address 611, India",Bengaluru,119450,False,2026-01-20 08:45:00
ADDR000612,"Ring Address 612, India",Bengaluru,196966,False,2026-01-20 09:00:00
ADDR000613,"Ring Address 613, India",Mumbai,368917,False,2026-01-20 09:15:00
ADDR000614,"Ring Address 614, India",Bengaluru,897665,False,2026-01-20 09:30:00
ADDR000615,"Ring Address 615, India",Delhi,352457,False,2026-01-20 09:45:00
ADDR000616,"Ring Address 616, India",Kolkata,724835,False,2026-01-20 10:00:00
ADDR000617,"Ring Address 617, India",Kolkata,932326,False,2026-01-20 10:15:00
ADDR000618,"Ring Address 618, India",Chennai,670870,False,2026-01-20 10:30:00
ADDR000619,"Ring Address 619, India",Bengaluru,508506,False,2026-01-20 10:45:00
ADDR000620,"Ring Address 620, India",Chennai,203940,False,2026-01-20 11:00:00
ADDR000621,"Ring Address 621, India",Hyderabad,953955,False,2026-01-20 11:15:00
ADDR000622,"Ring Address 622, India",Kolkata,388626,False,2026-01-20 11:30:00
ADDR000623,"Ring Address 623, India",Bengaluru,430760,False,2026-01-20 11:45:00
ADDR000624,"Ring Address 624, India",Pune,165220,False,2026-01-20 12:00:00
ADDR000625,"Ring Address 625, India",Kolkata,751074,False,2026-01-20 12:15:00
ADDR000626,"Ring Address 626, India",Delhi,254162,False,2026-01-20 12:30:00
ADDR000627,"Ring Address 627, India",Mumbai,749101,False,2026-01-20 12:45:00
ADDR000628,"Ring Address 628, India",Bengaluru,578976,True,2026-01-31 00:00:00
ADDR000629,"Ring Address 629, India",Hyderabad,199529,False,2026-02-09 23:00:00
ADDR000630,"Ring Address 630, India",Kolkata,132546,False,2026-02-10 05:00:00
ADDR000631,"Ring Address 631, India",Hyderabad,667010,False,2026-02-10 11:00:00
ADDR000632,"Ring Address 632, India",Hyderabad,805672,False,2026-02-10 17:00:00
ADDR000633,"Ring Address 633, India",Hyderabad,485112,False,2026-02-10 23:00:00
ADDR000634,"Ring Address 634, India",Bengaluru,594229,False,2026-02-11 05:00:00
ADDR000635,"Ring Address 635, India",Mumbai,352550,False,2026-02-11 11:00:00
ADDR000636,"Ring Address 636, India",Delhi,734865,False,2026-02-11 17:00:00
ADDR000637,"Ring Address 637, India",Chennai,522393,False,2026-02-11 23:00:00
ADDR000638,"Ring Address 638, India",Pune,585574,False,2026-02-12 05:00:00
ADDR000639,"Hard Negative Address 639, India",Bengaluru,872737,False,2026-01-05 00:00:00
ADDR000640,"Hard Negative Address 640, India",Delhi,970757,False,2026-01-15 00:00:00
ADDR000641,"Hard Negative Address 641, India",Mumbai,717829,False,2026-01-20 00:00:00
ADDR000642,"Hard Negative Address 642, India",Mumbai,547596,False,2026-01-25 00:00:00
ADDR000643,"Hard Negative Address 643, India",Mumbai,781738,False,2026-01-28 00:00:00
ADDR000644,"Hard Negative Address 644, India",Chennai,193062,False,2026-02-07 00:00:00
ADDR000645,"Hard Negative Address 645, India",Delhi,651206,False,2026-02-17 00:00:00
ADDR000646,"Hard Negative Address 646, India",Bengaluru,534072,False,2026-02-05 00:00:00
