instrument_id,instrument_type,bin_or_vpa_hash,first_seen_at
PI000000,card,56eea9556af14704,2026-01-18 10:09:50
PI000001,upi,063bf4226dedad0c,2026-01-26 22:24:44
PI000002,upi,5f4f61086ae7dca2,2026-01-17 03:20:45
PI000003,upi,a560d3f7d7dba2c7,2026-02-13 11:34:55
PI000004,upi,8a75091a31485513,2026-01-28 20:24:26
PI000005,upi,0337f26d4d236d75,2026-01-06 09:34:38
PI000006,card,a6e1e63318ef5eb9,2026-02-12 01:25:35
PI000007,upi,2f859dfad9278f54,2026-01-20 13:52:08
PI000008,card,b16be706ba144b9e,2026-02-12 04:36:56
PI000009,upi,625e26fb7eda0781,2026-01-25 01:24:04
PI000010,card,ab131592e94415fb,2026-02-20 11:07:17
PI000011,upi,b7cc0855dae77c88,2026-02-06 11:36:05
PI000012,netbanking,9685a0f4b849d1c6,2026-02-26 06:49:01
PI000013,upi,6f479e119edb5549,2026-01-04 16:17:43
PI000014,wallet,41a1fab4c7d7f0fe,2026-02-05 19:48:22
PI000015,upi,a47e88c6276e4222,2026-02-03 23:12:45
PI000016,card,b21450f881f65ad7,2026-01-07 18:52:44
PI000017,upi,389e9621ac7ce650,2026-01-16 08:24:29
PI000018,card,624dcbeaac486ddc,2026-01-25 23:51:28
PI000019,card,6d84463fdfa01819,2026-02-10 23:48:59
PI000020,upi,536f1005c261a5cd,2026-02-14 16:26:24
PI000021,netbanking,a262dbfc2fb68197,2026-02-16 19:58:08
PI000022,wallet,6de009d71807d496,2026-02-13 08:39:17
PI000023,netbanking,3b50f285db5bc57c,2026-02-23 14:59:46
PI000024,upi,6fe6d3851814bc32,2026-01-16 00:26:20
PI000025,card,b4ce4fdc9ce2f6a7,2026-01-16 23:27:56
PI000026,card,fba1cdc5d878a99f,2026-02-28 11:24:26
PI000027,upi,ed9aecf445b73b6e,2026-01-20 14:15:40
PI000028,card,211d405d2cfd1060,2026-02-20 02:24:06
PI000029,netbanking,746956ff38e86f6a,2026-01-06 06:29:21
PI000030,upi,e9695a4ef51ce352,2026-01-01 17:20:23
PI000031,upi,6e662c309625e1e9,2026-01-11 19:57:19
PI000032,upi,2e010637093da580,2026-01-23 01:42:45
PI000033,wallet,ab46631832f597be,2026-01-04 23:55:51
PI000034,upi,e8a7e9e94a827ed9,2026-01-20 07:01:00
PI000035,netbanking,1d59f607a265a35c,2026-02-24 05:19:48
PI000036,card,9b419febb02243dd,2026-02-15 14:33:42
PI000037,wallet,e429c62e7200117b,2026-01-03 18:03:07
PI000038,upi,37e9c2985e670cef,2026-02-22 10:35:21
PI000039,upi,e0c39f0bda1efb00,2026-02-03 22:42:03
PI000040,card,4d9779055f5a007c,2026-02-16 00:29:45
PI000041,upi,e42b65f7b7843edf,2026-01-11 13:59:18
PI000042,card,f239f3440832b57b,2026-01-01 19:05:49
PI000043,upi,ec5cd27b29c1ad8d,2026-01-28 16:44:03
PI000044,upi,269a8264d02dcf05,2026-02-14 15:07:15
PI000045,card,8badb72dd07c25d6,2026-01-13 10:12:56
PI000046,wallet,cafc37224f3ec0e2,2026-01-15 05:37:52
PI000047,card,f959eb1672fb2256,2026-01-27 11:19:03
PI000048,card,5c54c51b00ca2670,2026-01-06 22:11:44
PI000049,wallet,e3190d4274bc6ca1,2026-01-21 04:53:17
PI000050,card,6a0b3ea07d6f10e6,2026-01-17 00:00:29
PI000051,upi,dc3c49e95fb6f6bf,2026-01-02 13:22:35
PI000052,card,1d2e9219762f9244,2026-01-18 04:35:28
PI000053,wallet,32e5c5180366b1bd,2026-01-17 04:04:47
PI000054,upi,c29e8bce9c7cf37e,2026-02-15 08:10:25
PI000055,upi,b16eaa0d850b8e49,2026-01-03 23:44:38
PI000056,card,584ec57ee742e1b7,2026-01-28 10:32:10
PI000057,upi,a134ca482d389fcd,2026-01-08 06:05:22
PI000058,upi,c6057f745bcf5cef,2026-02-24 15:41:23
PI000059,netbanking,f3017ce76baf0d8d,2026-02-13 19:53:57
PI000060,card,87d233818e1808de,2026-01-10 03:28:42
PI000061,upi,3c0e6d0c34d96176,2026-02-24 10:57:24
PI000062,card,52799bde44cdcb48,2026-01-05 04:03:05
PI000063,card,b0a7f29e655a2b81,2026-02-19 21:37:58
PI000064,upi,f816864727027421,2026-01-03 12:55:26
PI000065,card,07e0526871bdb65e,2026-02-12 13:48:58
PI000066,netbanking,751df581ec9bd6e1,2026-01-22 00:21:29
PI000067,netbanking,ce76ec99d31caae8,2026-01-15 04:14:34
PI000068,card,bc1bc8d8f3074886,2026-02-17 08:58:30
PI000069,card,3fe615ac20dbae34,2026-01-10 10:27:27
PI000070,netbanking,9aa4412b02da2907,2026-02-11 06:50:45
PI000071,netbanking,353eadb14045dc30,2026-01-09 12:43:58
PI000072,card,17fb9215eefe106a,2026-01-08 14:25:42
PI000073,card,6db9e2a25f05250c,2026-01-27 16:45:07
PI000074,card,cf7e589aea446104,2026-02-01 05:02:37
PI000075,upi,6e9c4a23328eacee,2026-02-25 17:08:34
PI000076,upi,cf3da162d1affa5e,2026-02-12 08:34:10
PI000077,upi,f3341ceb92d276da,2026-02-03 22:34:45
PI000078,upi,de7956d7254de21f,2026-02-14 09:45:11
PI000079,upi,1d31643fe747d4aa,2026-02-23 00:03:10
PI000080,upi,3946ae1d47b90801,2026-02-23 00:34:29
PI000081,upi,ca479052a4dad052,2026-02-08 01:35:00
PI000082,upi,1bdb9a28ba7723ff,2026-01-14 10:59:09
PI000083,upi,972dbcf4728a93f1,2026-02-06 20:39:57
PI000084,upi,398e81ba068b2ec0,2026-01-25 10:43:39
PI000085,wallet,909377a6f37d3b0e,2026-02-27 03:58:49
PI000086,netbanking,52f196b27c51cd56,2026-02-25 21:41:15
PI000087,upi,9a63cc955eb91420,2026-02-05 12:05:26
PI000088,card,104988dd41a9fb6d,2026-01-21 06:38:11
PI000089,card,3596769dc07329ec,2026-01-29 06:17:24
PI000090,card,9588dbf51ac5773d,2026-01-02 19:47:21
PI000091,netbanking,373b4fb103b74c29,2026-02-27 00:54:02
PI000092,upi,eef8275ddf5a570e,2026-02-09 19:22:50
PI000093,upi,472d45b6c51b0a80,2026-01-15 23:52:46
PI000094,upi,1b1f9f2f0a6cb434,2026-01-19 03:12:44
PI000095,wallet,919705887cc11b3e,2026-02-17 09:32:35
PI000096,card,5639433f098218d0,2026-02-16 02:00:40
PI000097,card,7a505b4faa5ddcfc,2026-01-15 10:04:29
PI000098,card,5d8dfa8bf32abc68,2026-01-05 19:12:06
PI000099,card,2aee6d6233c45fc5,2026-01-24 05:58:10
PI000100,card,afa95849e278a996,2026-02-28 21:44:07
PI000101,card,2ecf271433c98510,2026-01-17 00:43:16
PI000102,upi,8c061f1a0f791150,2026-01-05 15:13:43
PI000103,netbanking,511c34a38b583726,2026-01-07 05:32:11
PI000104,card,649a48a24a6bd6da,2026-02-02 04:12:37
PI000105,card,4e876ae659b754f5,2026-01-07 09:45:51
PI000106,upi,aea1ba22274130ff,2026-01-25 07:21:44
PI000107,upi,3dc869f637682128,2026-01-16 03:22:09
PI000108,card,de9502f53d676ec7,2026-01-11 17:27:12
PI000109,card,096ac8d691261f51,2026-02-28 03:10:45
PI000110,upi,34aa6657a21a62e0,2026-01-11 16:35:19
PI000111,card,b16450a96850c3e1,2026-02-20 05:56:09
PI000112,card,47e375405981b927,2026-02-04 08:51:46
PI000113,card,0338583183a30226,2026-02-17 16:50:07
PI000114,card,45a0e7d8f7424832,2026-01-01 19:51:06
PI000115,card,ce2fc197c2de22ea,2026-01-26 05:55:33
PI000116,wallet,0edf9bc77d3692b4,2026-02-28 09:56:24
PI000117,upi,251b41299713445d,2026-02-07 20:48:27
PI000118,card,b1f7715471bede2c,2026-01-23 04:20:17
PI000119,upi,7b908329dd41c3b9,2026-02-11 07:07:26
PI000120,card,2659732aa5e67266,2026-02-06 23:04:32
PI000121,upi,51c071b294e3073b,2026-02-21 23:16:44
PI000122,upi,f0c248cdc5e4f553,2026-01-27 15:25:30
PI000123,card,2d9708d2896621ec,2026-01-16 12:17:11
PI000124,upi,060720a0b7b462dd,2026-01-20 06:23:43
PI000125,card,25e25f24c1f38d31,2026-02-16 20:08:17
PI000126,card,38d100889235e90f,2026-02-11 19:33:22
PI000127,card,c88370643babb4e2,2026-02-18 06:38:52
PI000128,card,27ad8aa58c5f3f41,2026-02-13 10:01:45
PI000129,card,bd95c1b21c580dec,2026-02-07 01:34:31
PI000130,card,67284a8b3beb20f3,2026-01-18 16:18:53
PI000131,wallet,91132696e9f7604f,2026-01-02 12:23:47
PI000132,card,151cb96b702d8101,2026-02-13 18:56:39
PI000133,wallet,5ae9155b2f235e5c,2026-02-08 23:29:35
PI000134,upi,a60663d7ccdc9dbc,2026-01-30 14:57:33
PI000135,upi,b40426b67a7367e5,2026-01-31 23:32:03
PI000136,card,7d22fdc630f50698,2026-01-08 20:38:38
PI000137,wallet,43fec544cba4ab08,2026-02-05 09:17:17
PI000138,upi,bf387451f9fda28c,2026-01-15 18:40:04
PI000139,card,a44a009137b9a765,2026-01-26 00:42:18
PI000140,netbanking,28dd991e5d47f348,2026-01-20 06:26:11
PI000141,netbanking,b35a55c67b7a7ef3,2026-01-09 00:16:21
PI000142,card,03ffaa411979891e,2026-02-12 10:09:38
PI000143,netbanking,4e7a737b0da0edc2,2026-02-12 05:19:52
PI000144,upi,07bd8c308d6e783e,2026-01-05 11:29:33
PI000145,netbanking,0cbd94604a7bb7a5,2026-01-12 08:16:26
PI000146,card,02522678bcdaa01c,2026-01-15 11:10:39
PI000147,upi,a15e7ab2bb72dd81,2026-01-19 22:05:00
PI000148,upi,43127214f220372a,2026-02-07 20:31:36
PI000149,card,d223e3825de11eca,2026-02-10 07:12:07
PI000150,upi,1540f7b91c9e9c4c,2026-02-28 18:38:37
PI000151,card,288c61f2f7c0023a,2026-02-22 14:39:00
PI000152,upi,b8d8bd4fd38d03ac,2026-02-04 15:15:42
PI000153,netbanking,1878ed80c17cf7df,2026-02-08 23:18:48
PI000154,upi,7a8542ca136e595f,2026-01-03 07:39:45
PI000155,card,eb546a0c4ddc533f,2026-02-18 15:28:11
PI000156,card,31acc9427b6c5e3c,2026-01-02 14:18:46
PI000157,netbanking,d54efcad636ab62b,2026-02-25 14:03:34
PI000158,upi,e97a43c70bc24d0f,2026-01-28 00:53:51
PI000159,upi,01b0005ca7341e64,2026-01-29 01:17:29
PI000160,card,0e2402b5fb98329e,2026-01-12 08:47:18
PI000161,netbanking,a7ff569b9b65538b,2026-02-22 15:36:22
PI000162,upi,92cf30f25465c390,2026-01-02 11:46:59
PI000163,card,0ce8fdd81f0bb0f8,2026-01-17 11:41:13
PI000164,card,35deb74e31ae6694,2026-01-30 06:52:21
PI000165,upi,bb2689287cec32b9,2026-02-12 14:03:16
PI000166,card,d53b74f50786329c,2026-01-18 16:01:08
PI000167,wallet,a2eaa1e8395f3542,2026-02-06 18:10:33
PI000168,card,acdb9f602344d4cd,2026-01-21 04:15:57
PI000169,upi,90258cc0cb2a15d8,2026-01-28 01:12:53
PI000170,card,fe1f3823d5cc3701,2026-01-26 14:53:37
PI000171,upi,7c3b207a6b71d2ad,2026-02-01 08:43:03
PI000172,card,9c13c76ece957290,2026-01-10 00:16:03
PI000173,netbanking,9e1d8d775a335804,2026-01-10 03:05:20
PI000174,card,7068cd0c6f1a3cea,2026-01-05 16:45:17
PI000175,upi,0d50a2b48a29d8a8,2026-02-07 04:33:08
PI000176,netbanking,3470dc75e4925209,2026-02-06 21:31:45
PI000177,netbanking,a600bf846afde9e9,2026-02-13 15:41:27
PI000178,upi,9385ee74ea49ddda,2026-01-22 06:38:52
PI000179,card,5447c385ce703055,2026-01-27 12:25:53
PI000180,card,56a7f15e440eddc6,2026-01-24 03:00:50
PI000181,card,a3629413ee38354f,2026-01-25 16:26:41
PI000182,upi,bd2c42a22ce029b6,2026-01-02 17:04:56
PI000183,card,13b7149feb06778f,2026-01-23 23:27:14
PI000184,card,3823c9eda55b0934,2026-01-09 11:14:17
PI000185,upi,0d91ddde3fb578f3,2026-02-14 08:42:01
PI000186,netbanking,0e357cbefb5b782c,2026-02-02 04:32:39
PI000187,netbanking,ad7d0f9a8bebc8b2,2026-02-02 00:26:47
PI000188,upi,ded9aa4d8d0e2c16,2026-01-28 06:42:55
PI000189,wallet,4b9871bca0cb9543,2026-01-06 19:10:15
PI000190,card,9cf6eac9b96c55d5,2026-02-24 01:47:29
PI000191,upi,780a8d14d6905eb4,2026-02-05 05:07:22
PI000192,card,c51acafab8c36fee,2026-01-18 02:21:56
PI000193,card,be5ed08a951187a9,2026-02-05 07:34:29
PI000194,card,b330df8094d47b11,2026-02-15 00:37:44
PI000195,card,8181b4be50dcba68,2026-01-01 11:58:53
PI000196,card,c12e2ca28a6d574d,2026-01-22 15:29:48
PI000197,upi,c3612b1da116c496,2026-02-06 01:01:12
PI000198,upi,fe6461f7a0157cd6,2026-01-07 15:13:23
PI000199,card,b01ccc4a09209b6f,2026-02-10 19:45:39
PI000200,card,d6eb9511a3f792f1,2026-01-02 16:19:29
PI000201,wallet,1f84c213476bc2dd,2026-02-15 20:47:17
PI000202,upi,1059e3f5d491a276,2026-02-19 17:09:34
PI000203,upi,6f56dabe0197bde1,2026-01-05 19:22:52
PI000204,netbanking,578c3261b6a66db4,2026-01-17 18:11:24
PI000205,card,47fa4071899830ae,2026-01-25 09:44:35
PI000206,card,2c56ae343d4c7622,2026-01-16 16:22:18
PI000207,wallet,d7f906cbaaceafa8,2026-02-04 20:58:24
PI000208,upi,e84e2bee6eb58144,2026-02-08 22:11:24
PI000209,upi,3835eea281b49c1a,2026-01-19 17:13:26
PI000210,netbanking,c568309307ed4d1c,2026-01-22 05:16:46
PI000211,netbanking,f33d8b828227fadb,2026-01-29 01:46:31
PI000212,card,63efa761919e5f29,2026-01-03 07:23:49
PI000213,upi,c8b8a7357cfa9eb1,2026-01-21 13:29:02
PI000214,upi,398f7e777ecdce6f,2026-02-23 19:32:30
PI000215,upi,e8a6d4d191a79770,2026-02-27 15:35:26
PI000216,card,8860451241bfee55,2026-02-18 23:56:39
PI000217,upi,24dcdbd2570a1d11,2026-01-24 07:13:33
PI000218,card,874989c1d85f82e1,2026-01-30 14:40:32
PI000219,card,20655bd015156e90,2026-02-12 15:38:09
PI000220,card,b39055f267711c1e,2026-02-04 05:36:14
PI000221,card,ea6fc1f70344dc3b,2026-02-06 09:38:03
PI000222,upi,8d16a0a9f6355935,2026-01-06 00:36:09
PI000223,upi,dd3acc9967fed5e0,2026-01-30 19:02:26
PI000224,upi,6873ceba3c2e8a2b,2026-02-12 02:43:04
PI000225,netbanking,5cde779956f185dc,2026-02-14 17:41:25
PI000226,card,0b49ec4f78322135,2026-02-16 11:13:12
PI000227,upi,0161c6abc206bf77,2026-01-20 07:05:07
PI000228,upi,9a740ba97093546f,2026-02-07 06:37:52
PI000229,upi,16ae44ba754e414a,2026-01-30 23:13:14
PI000230,card,fe3c00b30f0c5721,2026-02-15 14:08:00
PI000231,upi,3d701d0e842fea3a,2026-02-26 04:00:37
PI000232,upi,4e8e0d8a7927c365,2026-01-10 07:52:19
PI000233,upi,fb7ec9a17da86c09,2026-01-18 10:24:18
PI000234,card,5dea83b2824410c0,2026-01-30 02:11:22
PI000235,netbanking,a25f07aa9fe9e34b,2026-01-17 04:41:47
PI000236,upi,8cad8db763f57f82,2026-02-15 14:19:17
PI000237,wallet,d7ba47a95828ba72,2026-02-10 04:07:00
PI000238,upi,dc45ef630b3e89de,2026-01-26 00:54:04
PI000239,card,e5380b7724500259,2026-02-07 08:06:19
PI000240,card,6de6c017b06f4e0a,2026-01-17 20:40:56
PI000241,card,59e009d0ca75fcd9,2026-02-12 21:29:17
PI000242,card,3a853825628f72af,2026-01-30 14:33:20
PI000243,upi,adc2b16ada243287,2026-02-04 13:11:25
PI000244,card,56ab89f358edc3a3,2026-01-12 05:10:15
PI000245,wallet,93ae39ee961fd34d,2026-01-22 16:43:14
PI000246,wallet,145fe7b287707f73,2026-02-08 20:04:06
PI000247,upi,f3c1580b0b4a7fcf,2026-01-28 07:39:56
PI000248,upi,406a4ca85309a618,2026-01-02 23:17:52
PI000249,upi,cab3368d1648601f,2026-02-13 09:24:15
PI000250,netbanking,9d2666e80f394929,2026-01-01 21:12:19
PI000251,upi,cf7c3f085acae672,2026-01-06 08:12:39
PI000252,upi,9b0ebe7cb525986a,2026-02-13 22:28:58
PI000253,upi,e734267c140b93b2,2026-01-08 03:30:40
PI000254,wallet,3425a69135feb4f4,2026-01-16 04:34:38
PI000255,upi,bbddfa7dfd5c4626,2026-02-24 00:03:19
PI000256,card,46101d233a4a366e,2026-01-10 13:51:16
PI000257,upi,29e5f1b4bedbec38,2026-01-21 13:05:11
PI000258,netbanking,3b6bc29fc866213d,2026-02-28 00:27:58
PI000259,upi,8d46bd2382180914,2026-01-31 01:41:21
PI000260,upi,74164fe012521657,2026-02-28 10:41:12
PI000261,card,c546d917708d5820,2026-01-16 01:57:30
PI000262,card,9d8b049c3c982df7,2026-02-05 11:19:30
PI000263,card,aa838b586ee5138c,2026-01-05 13:01:47
PI000264,card,741cd5027aa76c6d,2026-01-25 15:14:13
PI000265,wallet,8a165e1be1156926,2026-01-21 11:00:16
PI000266,card,bee9f415281388a2,2026-02-28 17:45:58
PI000267,upi,0a6004fa2eb55178,2026-01-28 09:56:03
PI000268,card,27fb5b7fdc2de204,2026-01-25 01:24:12
PI000269,card,61605948b78636e4,2026-02-16 22:46:00
PI000270,card,0d70dfa9ae1b0389,2026-01-14 18:27:15
PI000271,card,aa8774b97133c3e7,2026-01-14 00:04:44
PI000272,card,4e81cc1ed7b68ff9,2026-01-07 15:04:50
PI000273,wallet,284a2f9da903359d,2026-01-22 20:38:14
PI000274,card,409ad3fb74555032,2026-01-06 00:40:26
PI000275,upi,9c2a2295f05a1436,2026-01-18 22:39:18
PI000276,upi,a7192c77708d509c,2026-01-21 21:59:24
PI000277,card,dca0d5e6aa69f978,2026-01-29 05:51:28
PI000278,upi,65b4bae76dc66cb4,2026-02-08 06:22:29
PI000279,upi,f0a356c82647c420,2026-01-23 07:46:42
PI000280,upi,804976fbce88f89d,2026-02-03 11:14:14
PI000281,card,18c93e154d5c6bc2,2026-01-09 09:11:17
PI000282,upi,c8d49024dff45eb8,2026-01-14 08:37:56
PI000283,card,4a82120b025b9c66,2026-02-23 00:21:52
PI000284,upi,1a1c6ced9f2fd644,2026-01-20 08:47:20
PI000285,card,a0a2b9e4a2f2786c,2026-02-27 01:32:10
PI000286,upi,4c1768e8da5f0be3,2026-01-04 17:03:14
PI000287,card,ffbd6d85c302a27f,2026-01-06 12:31:59
PI000288,wallet,63208e86281dbaf1,2026-02-17 07:23:04
PI000289,wallet,b635b15da5d1d13c,2026-02-22 07:43:04
PI000290,card,ab07093dfcd9404c,2026-01-26 02:38:22
PI000291,upi,e9c6937e00be0e15,2026-01-26 23:30:06
PI000292,upi,e150fc0bbca5b1cc,2026-02-07 01:31:16
PI000293,card,541c9d57e73fd892,2026-02-27 13:20:57
PI000294,card,be2ae574445e91c9,2026-01-04 18:16:20
PI000295,card,7b1c1e86cab7f056,2026-01-07 01:00:40
PI000296,wallet,6959fcbd83adae6a,2026-01-08 07:26:34
PI000297,card,ef575dd7895c62a8,2026-02-21 00:07:45
PI000298,wallet,690367390591c6bc,2026-02-05 12:13:50
PI000299,card,82deb1dcc79ee93c,2026-02-16 00:13:21
PI000300,upi,c2cd7ca81a053973,2026-02-01 02:22:15
PI000301,card,39d8c6873a881652,2026-01-05 05:59:36
PI000302,netbanking,576e1450e4397526,2026-01-29 04:21:19
PI000303,upi,345b64332672d530,2026-02-19 02:23:29
PI000304,wallet,6c6c5f6f439894a2,2026-02-17 16:45:52
PI000305,card,48badb23f2f6ab73,2026-01-26 18:03:34
PI000306,upi,04f58daa65bea2f5,2026-02-14 01:52:53
PI000307,upi,91bd12589e55d21a,2026-01-25 20:31:07
PI000308,upi,92b2632a3d959cc5,2026-02-13 15:39:41
PI000309,netbanking,6dd1a043248ba1fb,2026-02-24 10:40:20
PI000310,upi,0a8712a960bd943e,2026-01-21 14:38:22
PI000311,card,0d763d60b2b4e1b5,2026-02-11 10:42:23
PI000312,upi,8a5dd47f87d766d8,2026-02-05 01:54:34
PI000313,upi,dcd2a88ccb33c25c,2026-02-04 14:32:08
PI000314,upi,4592b04df8752564,2026-01-25 18:53:47
PI000315,card,35aeaf7ea777b4a2,2026-01-14 03:49:08
PI000316,card,f84df9cf04cbe37d,2026-01-10 23:21:19
PI000317,wallet,737d8c55378e79f1,2026-01-07 09:03:56
PI000318,wallet,1cc73ed720519d8b,2026-01-19 05:30:03
PI000319,card,c9e503f67307baa0,2026-01-25 10:34:02
PI000320,upi,895a114fd301aeb0,2026-02-12 15:52:07
PI000321,upi,0b600c2537c53288,2026-02-10 11:01:03
PI000322,upi,222e6884109b1529,2026-02-07 23:50:40
PI000323,wallet,80542af34ad4a7c1,2026-02-22 00:51:13
PI000324,card,0ac13baabada5546,2026-02-03 05:52:22
PI000325,card,83441878745be033,2026-01-16 11:08:29
PI000326,upi,00c5ae2594b2bdc4,2026-02-11 18:50:17
PI000327,upi,aa5426966d2810d3,2026-01-18 04:15:11
PI000328,card,237868adf0bd6ef8,2026-02-05 04:45:29
PI000329,upi,37246124af11a071,2026-02-20 04:46:47
PI000330,upi,af4a77394ee3b438,2026-02-12 16:31:32
PI000331,upi,8f876f7396dc3a42,2026-02-19 09:03:45
PI000332,upi,0e5a557de800c48a,2026-02-22 12:44:49
PI000333,wallet,b6a91ce5d08128fa,2026-01-23 10:25:11
PI000334,upi,93aa136cb43b5c53,2026-01-08 00:46:36
PI000335,upi,b695715882e68815,2026-01-02 22:14:19
PI000336,card,bf5c2542748e41cf,2026-01-29 03:44:39
PI000337,upi,c05e0e608fa30597,2026-01-09 06:51:06
PI000338,wallet,7dbd974ca028511c,2026-01-22 12:28:58
PI000339,card,a5512d355033fdef,2026-01-20 17:09:51
PI000340,upi,e143a313ae0a2abd,2026-01-11 08:48:04
PI000341,card,e407d0484e799556,2026-02-09 08:01:32
PI000342,upi,5a0361e78e5a4e6b,2026-01-06 15:47:30
PI000343,upi,ea4f1b39b1d5a041,2026-02-20 06:30:21
PI000344,upi,ca54e4528363af45,2026-01-11 05:14:49
PI000345,upi,62fa433573897de5,2026-02-13 10:45:21
PI000346,card,deffcf3d6cd8b0e2,2026-02-15 15:26:08
PI000347,card,ba4c06db0678d2cc,2026-02-19 19:31:32
PI000348,upi,2220a55c58cbf65b,2026-02-26 02:55:39
PI000349,card,91349e3363aa3692,2026-02-11 14:18:30
PI000350,card,f3e8f5e9dc43843d,2026-02-18 10:07:40
PI000351,upi,ce01cbc5f99a6d31,2026-01-01 04:02:15
PI000352,wallet,83773bff1dda8601,2026-02-11 14:30:36
PI000353,wallet,7a071889ecde3d3a,2026-02-03 17:07:52
PI000354,upi,76464d594bf35938,2026-01-17 04:33:55
PI000355,card,0fbc39b14d4b9046,2026-02-28 00:56:33
PI000356,upi,d0927be1c59f7753,2026-02-07 02:56:40
PI000357,card,1e7baeba8132fd42,2026-01-01 07:20:14
PI000358,card,0ca50b6c46039142,2026-02-24 23:51:42
PI000359,card,37b1ba47c6d4262f,2026-01-08 13:09:57
PI000360,wallet,b9028be37cfb95c1,2026-01-15 19:25:16
PI000361,upi,31d2469bcf48c6f1,2026-01-31 14:23:02
PI000362,netbanking,ab2376e4042cf3f0,2026-02-21 04:03:57
PI000363,card,e04acd0f618d3734,2026-02-13 08:40:46
PI000364,netbanking,6c884698ce4b4487,2026-01-31 13:48:06
PI000365,upi,bca9cba5a1bb4ce4,2026-02-13 18:44:33
PI000366,wallet,bb60ce04d14079e7,2026-01-31 10:00:59
PI000367,upi,81e99d3a230c11e6,2026-02-05 07:42:27
PI000368,netbanking,8e18a48d248017ac,2026-02-14 04:23:49
PI000369,netbanking,b100359c0b140f0c,2026-01-27 19:31:04
PI000370,card,d23b407a3acd8a4e,2026-01-15 23:02:28
PI000371,upi,8c3a7443df3b4f4d,2026-01-01 01:49:35
PI000372,card,c2626e3017a405ef,2026-02-24 04:09:58
PI000373,card,8cda2461748e792c,2026-02-27 14:47:06
PI000374,upi,39fc067c4ec1335d,2026-02-14 04:11:51
PI000375,wallet,4db8b7c01213ce15,2026-01-15 08:37:58
PI000376,card,979aa08c8fa62aff,2026-02-01 00:59:53
PI000377,card,1a461c996f9b19dc,2026-01-02 14:38:00
PI000378,upi,aeb6a05ac040716a,2026-01-31 03:16:47
PI000379,wallet,32aadfb42c08c010,2026-02-28 05:11:03
PI000380,card,70b6b1ac18b9a446,2026-02-24 15:27:23
PI000381,card,a91df6f28e0b7fe2,2026-01-29 11:30:30
PI000382,upi,8d9119decfdb3830,2026-01-17 00:04:23
PI000383,card,812c3071a45c9aed,2026-02-05 09:10:39
PI000384,upi,0638e2b84478fe7e,2026-02-28 00:51:40
PI000385,card,0eeb9735658e6f79,2026-02-23 01:57:54
PI000386,card,c466d2d861669bdd,2026-01-16 17:57:08
PI000387,card,5228651d882cf2cb,2026-01-13 09:14:46
PI000388,card,26d12074e62f21e3,2026-01-30 12:38:47
PI000389,card,5c0372f4313fa7a8,2026-02-06 22:17:32
PI000390,upi,d96c148ea41297d3,2026-01-16 10:13:14
PI000391,wallet,083e0870dffb1098,2026-02-22 08:01:27
PI000392,upi,42d6513c33bb3bb0,2026-01-02 03:08:30
PI000393,card,64ab43f8b7b84eba,2026-01-12 15:30:48
PI000394,card,13efd7838f1f500f,2026-01-06 20:07:07
PI000395,wallet,bc10487994b6fe23,2026-02-26 18:07:53
PI000396,card,7a6afaea3bba94c0,2026-01-20 07:37:37
PI000397,upi,c998977141342938,2026-01-20 05:19:15
PI000398,card,854c2ae784e3dd20,2026-02-27 19:26:00
PI000399,card,ccb6d78bcaa40a7f,2026-02-27 19:12:08
PI000400,card,dc33a0d81df64856,2026-02-28 05:48:02
PI000401,card,34afb0047e9c9286,2026-01-26 07:59:21
PI000402,card,b89840481aa30f23,2026-01-19 16:10:19
PI000403,card,ec1445e00ccae33e,2026-02-20 13:07:51
PI000404,upi,becb7b5644cdda0a,2026-01-19 02:26:31
PI000405,card,71a789aabc15122e,2026-01-24 23:47:53
PI000406,card,65ae397cb13ff5b9,2026-01-05 02:43:46
PI000407,card,433359c36b6d4ef4,2026-01-17 03:03:15
PI000408,card,0e9cff6393832013,2026-01-08 09:48:22
PI000409,upi,576ce1347ed2d8bf,2026-02-17 19:15:26
PI000410,wallet,f06179e42775c0ef,2026-01-21 16:18:47
PI000411,upi,196653904073b97d,2026-01-26 04:39:14
PI000412,upi,ec2c3addbe5d4b58,2026-02-16 03:54:58
PI000413,card,7ab686173a920e52,2026-01-13 19:20:15
PI000414,upi,3687f1220d751c6f,2026-01-15 17:15:19
PI000415,upi,1e2e5bce52d4f9ab,2026-02-17 00:04:01
PI000416,card,81d6d33443df1332,2026-01-27 16:23:29
PI000417,card,b195e3d479ad8aad,2026-02-28 14:44:51
PI000418,wallet,e18dbf5a0fdf0230,2026-02-14 18:55:55
PI000419,netbanking,fff39539c84b8cc1,2026-02-17 17:36:35
PI000420,upi,b46d9b4a3b177d56,2026-02-21 23:20:11
PI000421,upi,528ee405c91d78e5,2026-01-13 06:46:12
PI000422,upi,79f9f844e7ee1939,2026-01-10 22:31:21
PI000423,card,ab6b0d393c6a223d,2026-02-13 23:53:28
PI000424,card,8ff56b1ad2b832db,2026-02-27 18:09:19
PI000425,upi,669a32f00a3aead6,2026-01-20 08:37:20
PI000426,upi,34a09e9021240918,2026-02-01 15:10:52
PI000427,upi,11ae4a1e01eb9ce5,2026-02-19 09:07:19
PI000428,upi,a0591383c7972574,2026-01-03 02:00:49
PI000429,upi,e7fd7922b1cddf08,2026-01-16 13:06:03
PI000430,card,1d05ef6b5ea95a8e,2026-01-05 14:57:29
PI000431,card,30c48aab3c57f756,2026-01-14 20:39:30
PI000432,card,610d006fc3929c12,2026-02-17 15:57:29
PI000433,upi,dcc31a160de83b51,2026-01-16 02:39:38
PI000434,card,4a2d64cdc02f9d08,2026-02-17 01:09:04
PI000435,card,13ced7535ab54f3f,2026-01-16 23:03:20
PI000436,upi,cb7ed16ab84cbb90,2026-02-27 20:59:02
PI000437,card,ba2aa94304d805b2,2026-02-03 12:33:23
PI000438,card,fe550d2b122e6f30,2026-02-24 23:00:49
PI000439,upi,fa7ef0f7ab9a52ad,2026-02-26 12:24:53
PI000440,upi,39730b51cdff2ac2,2026-01-04 16:44:21
PI000441,netbanking,dbf146d7e0011d61,2026-02-01 08:23:23
PI000442,netbanking,fbb7ff1905541596,2026-02-04 14:03:45
PI000443,upi,8b83c41969a06e41,2026-01-23 13:55:05
PI000444,card,202123fdd0b5eba9,2026-01-18 07:35:10
PI000445,card,98a7431f5f99681f,2026-02-08 11:01:36
PI000446,card,fd5b0e5b339844f3,2026-01-18 05:06:51
PI000447,netbanking,f3cc85ab6083ec6f,2026-02-26 09:01:39
PI000448,card,a50ef6171630f05a,2026-02-27 12:30:10
PI000449,card,9247c1b07f1583af,2026-02-28 20:49:28
PI000450,upi,b417b3675a2a8654,2026-02-19 19:00:15
PI000451,card,3d2a0107f8b7ac0e,2026-02-20 05:22:58
PI000452,upi,9d10c3168b434186,2026-01-26 11:14:36
PI000453,card,dc5d2f7efe8d0528,2026-02-09 06:28:17
PI000454,upi,a7339bc724c4becf,2026-01-02 12:14:31
PI000455,upi,23490920c5a107cf,2026-01-19 06:07:28
PI000456,card,8f2d0a8ebd1b0ce8,2026-01-29 19:20:20
PI000457,upi,28d1ae44b7b78603,2026-01-14 17:32:52
PI000458,card,455ed9aa72456374,2026-02-05 12:57:43
PI000459,upi,1bde23b7655f611a,2026-01-25 21:34:45
PI000460,upi,2b94e91f55988217,2026-01-24 15:27:38
PI000461,netbanking,54b4db455625f000,2026-01-06 14:21:06
PI000462,upi,f39331029c64dd41,2026-01-09 16:56:11
PI000463,upi,c933b555adfbeea4,2026-01-21 00:26:28
PI000464,upi,92f5a59514e8fbcb,2026-01-19 02:29:31
PI000465,upi,0014f1be3646d1c2,2026-02-05 10:51:43
PI000466,upi,394cfd59ace353e6,2026-01-02 17:12:30
PI000467,upi,e1643c1726db89a8,2026-02-28 22:57:08
PI000468,netbanking,c27dd5b197da8657,2026-01-09 10:10:23
PI000469,netbanking,42105066a612504f,2026-02-13 21:53:30
PI000470,wallet,23853f4f9115020e,2026-01-27 14:35:39
PI000471,card,7641e5e0102c74b8,2026-01-12 09:24:21
PI000472,upi,7af628f64327d3bd,2026-01-21 18:08:56
PI000473,upi,4d18c6e7b8e5ef38,2026-01-27 12:12:06
PI000474,upi,f2bd25520024ed77,2026-01-02 05:57:35
PI000475,upi,8db21b1b6d5742dd,2026-02-24 23:18:28
PI000476,upi,9e8cc31cd44519ac,2026-02-08 20:01:53
PI000477,upi,b02aa7dc946af4a3,2026-01-12 14:40:03
PI000478,card,c79b6b3f97d64182,2026-01-11 12:11:42
PI000479,upi,efb00d5b6b70ddd3,2026-01-30 17:18:39
PI000480,upi,f8298ff0be58ad4f,2026-01-12 02:50:46
PI000481,card,f44155f74f4e1b45,2026-02-08 07:40:14
PI000482,card,ec0b3908a92bb516,2026-01-22 06:32:45
PI000483,wallet,7bc0a0f81e860e53,2026-01-07 19:31:40
PI000484,wallet,18d5339f1b2d5a46,2026-02-04 14:47:15
PI000485,card,40ef0553549b7a31,2026-01-20 04:19:55
PI000486,upi,83726399e759b79d,2026-01-23 17:20:10
PI000487,card,a63e8c514a10c914,2026-02-10 16:57:18
PI000488,card,dabc7c8de8a711f5,2026-01-03 05:46:42
PI000489,card,9af4b316cda6b72f,2026-01-24 18:21:28
PI000490,card,0180c38702f74b95,2026-01-18 20:37:56
PI000491,upi,6ce8950314a75b0a,2026-01-10 14:44:51
PI000492,upi,651e9d782fec3174,2026-01-29 02:14:26
PI000493,upi,e7cf31a4862efda1,2026-01-16 23:32:32
PI000494,upi,cbe12b2c4d839d0a,2026-01-23 23:21:50
PI000495,wallet,b16c8aa27ef41bb3,2026-02-16 23:06:02
PI000496,card,766d98f5be63b242,2026-01-24 19:10:32
PI000497,upi,d59c4dedd7faade8,2026-02-22 03:37:18
PI000498,upi,c9924b392f3fa01e,2026-01-06 07:58:33
PI000499,card,fdb7e15f7dd4560d,2026-01-23 02:00:36
PI000500,card,b396d81e312398ba,2026-02-01 19:14:52
PI000501,upi,9c098db7cd053005,2026-02-27 22:48:08
PI000502,upi,e1a9eca5b26efb0c,2026-02-06 01:40:49
PI000503,card,25944111b99e1397,2026-02-02 01:58:36
PI000504,card,18ae4bb0775f77bc,2026-01-21 22:26:11
PI000505,upi,bba3ad7ece73d37f,2026-02-06 18:40:40
PI000506,upi,d0ac4b1139c03531,2026-02-25 13:33:12
PI000507,upi,d54a24918190800b,2026-02-08 20:46:47
PI000508,netbanking,4f78997b44fde33d,2026-02-21 06:14:03
PI000509,upi,4a8510055b4bc20c,2026-01-05 00:39:38
PI000510,upi,d140a181ce1ea003,2026-02-24 16:31:00
PI000511,card,d0474490dedb2c92,2026-01-17 05:37:53
PI000512,card,3646dcc40a44494e,2026-01-27 01:19:51
PI000513,upi,147d60b3c75b2deb,2026-01-12 16:34:03
PI000514,card,6441a38c0f35adfb,2026-01-31 03:59:54
PI000515,card,4bb595582555cc93,2026-02-08 21:32:56
PI000516,card,7ed8b4289ea5c2f9,2026-01-14 23:29:22
PI000517,card,815576ac6991bad7,2026-01-19 20:06:54
PI000518,wallet,6b21cfad079140f6,2026-02-26 15:15:57
PI000519,card,51f8b8e75335417e,2026-01-18 21:02:34
PI000520,card,3c0dcbc52f30f84d,2026-02-08 02:09:32
PI000521,upi,2ff160cda8c92617,2026-01-23 01:22:32
PI000522,upi,aadb8cd0dbd20d29,2026-02-26 08:06:00
PI000523,upi,aa682af530b825ae,2026-01-22 12:14:24
PI000524,upi,ede65e354b07b4c3,2026-01-23 02:21:07
PI000525,upi,9f46e0f6075bd1b6,2026-02-19 22:38:15
PI000526,card,7c9990dc923e85e3,2026-01-28 07:32:15
PI000527,netbanking,bbefbfaef694cda8,2026-02-11 12:16:47
PI000528,upi,a95b027e8a5cd645,2026-02-11 08:42:03
PI000529,netbanking,b14a39a4bfafd7b4,2026-02-28 05:52:17
PI000530,card,d5dbab2fab29138e,2026-02-19 23:20:51
PI000531,upi,3822853e5f98003c,2026-02-16 10:02:47
PI000532,upi,7807a8abe5bf10ee,2026-01-31 04:34:56
PI000533,netbanking,0d3d2a48caaf7499,2026-01-31 07:44:13
PI000534,upi,4ebbb250f31fcad2,2026-02-09 11:39:35
PI000535,card,ceb346383598064c,2026-02-01 17:23:30
PI000536,upi,8b7762f3e0de72ce,2026-01-24 06:12:08
PI000537,upi,728024b3b0c68e2a,2026-02-23 13:47:13
PI000538,card,8d42f08b723b4a93,2026-02-14 13:15:59
PI000539,netbanking,7c76fdc4958c90b6,2026-02-22 03:43:59
PI000540,upi,48f253260a4041a0,2026-01-13 08:44:43
PI000541,upi,65407d0b9cccb22f,2026-01-02 07:43:34
PI000542,card,33266af3a9264783,2026-02-27 04:47:16
PI000543,upi,963680bfbed36870,2026-01-19 21:39:24
PI000544,wallet,0f958bf6b18d842d,2026-02-10 04:12:42
PI000545,netbanking,c7ca337dc7e7e3b0,2026-01-22 02:38:19
PI000546,wallet,62bcaa327acd7053,2026-01-21 08:39:36
PI000547,card,79eb5ca875001127,2026-01-02 05:47:53
PI000548,upi,b7419a16b870a201,2026-01-14 16:12:01
PI000549,card,2c46c372125aa828,2026-02-14 15:41:23
PI000550,upi,dc494332976aa288,2026-02-01 12:52:44
PI000551,upi,3ca399b95e447edb,2026-02-06 02:49:00
PI000552,upi,6df30a6e64c3ac80,2026-01-03 22:50:06
PI000553,card,1250a2742346dca0,2026-01-06 01:35:35
PI000554,card,a2353f375d81f484,2026-01-09 15:43:55
PI000555,wallet,df96dd5a9807c0b9,2026-02-25 00:23:31
PI000556,upi,d1c82a1b015ca2d0,2026-02-25 10:14:34
PI000557,upi,1c6a28b0b5b98f67,2026-01-07 21:16:24
PI000558,card,a0f39880dc813cdf,2026-01-12 00:27:23
PI000559,card,3347bf479bd23ff4,2026-01-22 17:37:54
PI000560,netbanking,17314a44c0360b05,2026-02-17 00:08:24
PI000561,upi,8d3c077d1f2a34d2,2026-01-09 12:32:35
PI000562,wallet,fa17b04e3a650e1e,2026-02-07 20:01:54
PI000563,card,b87a18fff5f6ec4b,2026-02-10 12:52:10
PI000564,wallet,99b5b058ac41d7f6,2026-01-24 13:02:08
PI000565,upi,a8cd1680a0780f3a,2026-02-07 22:36:03
PI000566,upi,a56a0bdbc8a94332,2026-01-07 17:41:45
PI000567,upi,fcb321d5dfa7ff85,2026-02-21 20:43:37
PI000568,upi,0a04b1d2e5fbf474,2026-02-17 06:44:07
PI000569,card,4c09f84d001be441,2026-01-27 16:39:56
PI000570,upi,84ab6e3e2b24cc72,2026-02-15 13:12:04
PI000571,card,d5db72d60e1c91a2,2026-01-08 10:59:56
PI000572,card,bda9aafb221edbde,2026-02-02 22:48:05
PI000573,upi,205da550bd678a42,2026-01-17 12:32:16
PI000574,upi,9f449b3efc0d51ec,2026-01-19 23:11:35
PI000575,card,d75ea1c3eceddf39,2026-01-19 08:55:28
PI000576,netbanking,4b3c08e3e672e93a,2026-01-02 11:59:21
PI000577,upi,7b0db010fc7943a7,2026-02-27 06:41:57
PI000578,card,a7cd6fa05836367d,2026-01-13 00:19:52
PI000579,card,8f3bb89102570505,2026-01-03 19:14:04
PI000580,card,688d37876585ac12,2026-02-27 02:14:15
PI000581,upi,0628a8f63a8796b9,2026-02-24 21:13:22
PI000582,card,0adb746ef8e2e18a,2026-01-10 19:59:40
PI000583,upi,f8c6749ecd945b79,2026-02-27 02:45:14
PI000584,card,5978b66933711168,2026-02-07 10:35:32
PI000585,card,8075ffd28999f172,2026-01-26 03:42:58
PI000586,netbanking,01688c3ade5d1463,2026-01-26 11:45:48
PI000587,upi,e6d0628ddfe09cac,2026-01-22 07:25:17
PI000588,card,80e3f6d030faa60f,2026-02-24 22:11:29
PI000589,upi,d40cfd5817d38163,2026-02-23 04:51:06
PI000590,upi,a24b5e398bd7a54f,2026-01-02 18:44:31
PI000591,wallet,02c0dcf5b5876076,2026-01-08 19:06:52
PI000592,upi,5e44eed995909dd2,2026-01-30 07:33:17
PI000593,netbanking,d1b988f6d0cc84fc,2026-01-17 19:38:06
PI000594,card,2947fbdfc70864f0,2026-01-22 04:21:10
PI000595,upi,a5cf95cd2c647a80,2026-01-19 12:43:58
PI000596,card,06122d93943d3ffd,2026-02-13 08:54:40
PI000597,card,072ea4f5c6999f29,2026-01-29 03:03:21
PI000598,card,63cf21eb1e13ac6f,2026-01-05 19:35:11
PI000599,card,49f1da89d70b20f5,2026-01-03 04:11:07
PI000600,wallet,caf5df66e137dd09,2026-02-11 03:15:45
PI000601,upi,98441f4136f4b1dd,2026-02-03 22:46:15
PI000602,card,077b848e68fff39e,2026-02-18 17:52:46
PI000603,card,81f9c563f6740907,2026-02-11 19:07:23
PI000604,card,35025cf0ca08a606,2026-01-20 15:22:55
PI000605,upi,bab96226d48edcca,2026-02-08 16:45:27
PI000606,upi,ee6aaa4469a961d3,2026-02-12 02:18:03
PI000607,netbanking,a7fc32ba6a60029a,2026-02-22 22:18:28
PI000608,card,a3bbd379452becbc,2026-01-09 14:26:20
PI000609,card,abe4ea0913ca9ef4,2026-01-06 09:31:18
PI000610,upi,83f79f4a22e793fa,2026-01-26 21:57:56
PI000611,wallet,f6c4d507ae51313c,2026-02-23 21:59:06
PI000612,card,ce89ff686a40f700,2026-01-03 14:01:49
PI000613,upi,f7464d48aa20e9a8,2026-02-19 13:55:25
PI000614,netbanking,35460d31bc694c7d,2026-01-18 14:23:31
PI000615,card,3603a55341410a85,2026-02-02 08:29:05
PI000616,card,1a49fe76a05e778e,2026-02-26 14:01:35
PI000617,upi,c8d38997e08e39d9,2026-02-26 11:25:21
PI000618,card,4b462a73da84a495,2026-02-02 02:02:02
PI000619,card,a90034b5b79ac89d,2026-01-22 00:31:30
PI000620,wallet,7f978a7471158261,2026-01-13 03:25:59
PI000621,card,8dea98a6d5efa868,2026-01-04 16:47:22
PI000622,upi,9f5195b0cd674a05,2026-01-25 15:44:02
PI000623,card,0ec7842feddda271,2026-02-02 09:57:50
PI000624,card,d9e28b77949d4bf6,2026-01-30 10:48:16
PI000625,card,cf25665b013fb80e,2026-01-14 05:30:57
PI000626,card,8a43871a57567e2b,2026-01-08 20:43:28
PI000627,upi,64ce03d40f6d077f,2026-01-13 17:59:03
PI000628,netbanking,8e38038391e43bd1,2026-02-26 10:12:30
PI000629,card,2171a9092272ad7c,2026-02-22 23:54:07
PI000630,card,fe5b601dcd7dd936,2026-02-05 14:50:08
PI000631,upi,c44372f4dbab26c1,2026-02-28 23:48:11
PI000632,upi,4ede480ecff90314,2026-01-22 00:07:48
PI000633,card,056f1444dfb04127,2026-01-16 00:45:23
PI000634,upi,76ca8fb3b4038be1,2026-01-14 01:35:41
PI000635,card,cf6aa1c17c7279f7,2026-02-01 23:35:22
PI000636,wallet,18a4e4f74c483b8f,2026-02-14 03:31:31
PI000637,upi,8acdaf57e7dc4fab,2026-02-03 23:03:30
PI000638,card,d668091a3339dae9,2026-02-17 19:54:04
PI000639,upi,efbba7b783409248,2026-02-15 03:13:19
PI000640,card,c6eb391e52feb12e,2026-01-10 11:08:12
PI000641,upi,cf370c4f4612bd4a,2026-02-05 02:30:43
PI000642,netbanking,50ff21274b40f7de,2026-01-27 07:02:37
PI000643,netbanking,b652b98f905ab026,2026-01-13 03:49:30
PI000644,upi,b5a98bae145303d4,2026-01-13 08:22:02
PI000645,card,465a6f80f06a0fdb,2026-01-06 16:40:38
PI000646,card,99d7dbb4b3431fe6,2026-01-08 12:58:52
PI000647,upi,4156981dcce42f21,2026-01-17 16:22:30
PI000648,upi,8e1b27f98f686ca8,2026-01-29 21:13:13
PI000649,wallet,bd14a037837ba633,2026-01-12 00:24:14
PI000650,card,279ac25f539b5901,2026-01-19 06:20:50
PI000651,wallet,bcb8701c4e0bef7b,2026-02-05 08:43:09
PI000652,netbanking,c282f534232c0036,2026-02-03 21:56:47
PI000653,upi,38d1f55bd5d6b96a,2026-02-08 05:24:40
PI000654,card,f3c063f108737189,2026-02-21 21:44:06
PI000655,upi,858a6678e22eb8b7,2026-01-01 13:40:58
PI000656,card,eb2b292641927e1f,2026-01-29 01:43:38
PI000657,card,486ee3d2fef4f596,2026-01-22 02:34:39
PI000658,wallet,c4f027adf569bad8,2026-01-23 21:42:48
PI000659,netbanking,266783cd50ac2de7,2026-02-21 22:09:34
PI000660,upi,eebe187d5704d249,2026-02-13 06:31:58
PI000661,card,c194ce4436206816,2026-01-10 02:09:57
PI000662,upi,c9dd140d7a9baf67,2026-02-14 15:49:05
PI000663,card,30a0b70a0aeb4f3f,2026-02-07 21:26:15
PI000664,upi,5a4ac50a9ae0792d,2026-01-21 02:14:58
PI000665,card,33bfe2c97e509d83,2026-01-29 20:38:08
PI000666,card,21e6be39b177051a,2026-01-16 19:07:30
PI000667,upi,c7571264d11fc08f,2026-01-25 16:26:23
PI000668,wallet,77e88c8128e2e0b1,2026-01-17 17:35:17
PI000669,upi,333dbfa14836a449,2026-02-01 18:29:39
PI000670,netbanking,46c7181012e1d055,2026-02-20 04:30:16
PI000671,upi,40bf484a5b901c83,2026-01-07 16:43:39
PI000672,upi,1aa6fb0f21b63b98,2026-01-11 05:11:49
PI000673,card,2034d4009b1f1e99,2026-02-03 18:33:44
PI000674,wallet,0be4cdc3bf489ff0,2026-02-03 20:24:09
PI000675,card,c10f6d69e71da369,2026-02-26 05:08:33
PI000676,card,5caf4c34e3b0fb39,2026-01-01 13:42:42
PI000677,upi,119a3ab44efe2653,2026-01-17 05:25:18
PI000678,card,e31b31ee5238a3eb,2026-02-05 06:52:53
PI000679,netbanking,e9d994ef025f1588,2026-01-22 10:41:27
PI000680,upi,fae7146df169bc5b,2026-01-21 20:31:13
PI000681,card,db6daef200e3ee6b,2026-01-27 08:40:55
PI000682,upi,8e544befd0cbb609,2026-01-31 18:16:28
PI000683,card,b03392dc70b1e595,2026-01-21 23:14:17
PI000684,wallet,899f933dbfe0fe44,2026-01-26 01:10:17
PI000685,upi,b7cfa67b4a3c8c4b,2026-01-16 12:19:07
PI000686,upi,dd74cade9ae7e89e,2026-02-24 01:36:12
PI000687,upi,0eddd01b875d0701,2026-01-23 07:38:21
PI000688,upi,b643c79bb0a0b846,2026-01-18 07:43:31
PI000689,card,2a2aa1ec05a1953c,2026-02-19 19:31:28
PI000690,card,f330067b19e9745a,2026-01-02 03:40:57
PI000691,card,336ad8cf59d7940d,2026-01-12 00:51:25
PI000692,wallet,4cfb1f3060b5ca19,2026-02-25 21:02:27
PI000693,upi,a9f34526d58d2d05,2026-01-06 06:52:33
PI000694,netbanking,09ac643f120a434e,2026-01-07 09:06:34
PI000695,upi,72cc27c601a44b41,2026-02-24 17:06:28
PI000696,upi,55467f351e386bf8,2026-01-20 14:27:29
PI000697,upi,4a30a378630bbd91,2026-01-28 17:26:26
PI000698,upi,762155a26ed2b60a,2026-01-02 10:03:19
PI000699,upi,992c6b76384f3a9f,2026-02-03 18:13:02
PI000700,upi,c2c41e518e493af8,2026-01-12 02:31:37
PI000701,upi,4e31231fdf36a1f9,2026-02-07 11:07:45
PI000702,wallet,4de7ed95bfc8faab,2026-02-13 09:33:38
PI000703,netbanking,3dc3d9107e941d53,2026-02-14 04:53:50
PI000704,upi,5b1882bd6f65145b,2026-02-06 16:04:12
PI000705,upi,5f99f5578ad58285,2026-02-11 09:10:52
PI000706,card,26261425c9766597,2026-02-02 03:58:23
PI000707,upi,f2e3163c3beb540d,2026-01-29 04:45:13
PI000708,upi,7e2244a39bb7799a,2026-02-12 06:19:59
PI000709,netbanking,3ebfaf4443a5baac,2026-01-28 12:53:58
PI000710,card,63bf55cb43013420,2026-02-09 16:10:14
PI000711,card,c22efc0d6e458d83,2026-02-22 05:13:47
PI000712,card,340a31b5fff61a89,2026-01-04 11:46:22
PI000713,upi,37f3c10787bc7cb9,2026-02-25 04:48:02
PI000714,card,4455a5a79d647bf3,2026-01-10 20:17:22
PI000715,card,306f3f572d28045a,2026-02-03 17:43:01
PI000716,upi,876b754d250d3212,2026-02-16 01:12:25
PI000717,card,6ab732a001a46ed6,2026-02-23 02:44:49
PI000718,card,95bd35d28fed1a09,2026-01-11 04:04:04
PI000719,card,0c27f565da126959,2026-01-13 18:06:50
PI000720,card,0ccfc49d84efcb72,2026-01-24 02:03:05
PI000721,card,b461797c3795e687,2026-02-13 03:07:34
PI000722,upi,82ed48f6d465c7cf,2026-02-26 17:31:52
PI000723,netbanking,5d7e7e96c73b9f30,2026-01-07 07:51:31
PI000724,card,e8d558fc69e4a9e9,2026-01-08 15:02:26
PI000725,wallet,95c5f511655d0ecf,2026-02-08 08:57:29
PI000726,upi,a40a6d05fec36ba7,2026-01-23 15:06:34
PI000727,wallet,9c7a9ff04bc1a0e6,2026-01-29 04:27:38
PI000728,card,ada3b7f710cdb017,2026-02-02 11:54:56
PI000729,upi,cef886d675745ef7,2026-01-16 23:50:28
PI000730,card,b4b8d3933f69e0c2,2026-01-04 05:21:58
PI000731,card,b6e9ebc5e78ba3dc,2026-01-19 16:09:20
PI000732,upi,f3a9a83d52722655,2026-02-22 04:02:29
PI000733,card,a4a90e8892874f4e,2026-02-07 07:21:52
PI000734,upi,ca552e5d0281b3d6,2026-01-14 01:09:52
PI000735,wallet,0e252f1ca3a72ba5,2026-01-02 09:57:28
PI000736,card,662bef3e94d710d3,2026-01-18 15:34:51
PI000737,netbanking,103f233fac60677d,2026-01-16 05:22:32
PI000738,wallet,5053a6c90f1f2af9,2026-02-22 17:01:13
PI000739,card,1814361fe4a5b339,2026-01-08 07:44:12
PI000740,upi,1a2790da44d9403d,2026-01-08 02:21:45
PI000741,card,3f3d42a27ad0455b,2026-02-27 21:36:40
PI000742,card,474e1971393f40a6,2026-02-22 03:33:19
PI000743,upi,7c95a6daecb3f2d8,2026-01-08 19:59:39
PI000744,wallet,98eb45ffb612e58b,2026-02-23 11:09:11
PI000745,upi,663d1ef7caacf0fd,2026-01-08 17:07:18
PI000746,card,e4b1c977631505ae,2026-02-26 01:05:28
PI000747,card,cd49d9e1c520af29,2026-01-01 18:12:34
PI000748,wallet,b22b8af5414fd8d2,2026-01-01 12:20:24
PI000749,wallet,35c2434fa3dea93f,2026-02-08 15:47:58
PI000750,card,00d409cccd0a350b,2026-01-02 15:43:20
PI000751,card,27fae1f6510b340c,2026-01-09 08:01:13
PI000752,netbanking,2264a9bad4fc4708,2026-01-16 06:05:23
PI000753,card,d4a98902210dd854,2026-02-23 02:37:07
PI000754,upi,b8fc85f53af771cf,2026-02-16 15:33:35
PI000755,card,92036572462181f1,2026-01-02 12:29:46
PI000756,wallet,bf31b53ad0c74055,2026-01-09 14:20:21
PI000757,upi,f63139b6f5207b8b,2026-01-20 01:22:14
PI000758,card,fab6401fcd594186,2026-01-26 22:09:55
PI000759,wallet,34969081a3f66a3d,2026-02-24 10:09:08
PI000760,netbanking,ee0f1abec6eab51b,2026-02-18 10:48:28
PI000761,upi,f57e16c517191580,2026-02-25 20:05:10
PI000762,card,98df4c31e23d7e8b,2026-02-22 09:20:48
PI000763,upi,7048ee68744a6560,2026-01-31 08:07:24
PI000764,upi,7023c9f3ee7272c0,2026-01-24 20:41:53
PI000765,wallet,9d31e1d19f154905,2026-01-07 00:31:27
PI000766,upi,c12d9a4836870262,2026-02-28 02:05:14
PI000767,upi,598583183f1238fb,2026-01-26 13:56:06
PI000768,wallet,5d9a8ba2132444e5,2026-02-22 22:36:28
PI000769,upi,cecf5de02cc32599,2026-01-09 05:57:54
PI000770,card,e8e2c52d789fe326,2026-01-04 20:18:04
PI000771,netbanking,b05d52290bf42469,2026-01-26 05:17:13
PI000772,upi,1eb3e0fbc3ca2acd,2026-02-15 07:59:14
PI000773,upi,4cb6c19ef3fcdb3e,2026-01-23 13:07:22
PI000774,upi,58562babfcf61087,2026-01-25 12:00:49
PI000775,netbanking,59308badde6e517a,2026-01-21 01:53:24
PI000776,upi,6e753f422febe186,2026-01-18 07:59:34
PI000777,upi,2f33037542592d07,2026-02-25 23:20:42
PI000778,card,ed290508fa67d13d,2026-02-19 19:53:29
PI000779,upi,27c0308ee5a9395f,2026-01-27 20:04:03
PI000780,card,5797af89e68779f2,2026-01-07 06:47:23
PI000781,upi,8fadc50fc6381aca,2026-01-21 04:16:07
PI000782,wallet,01e9a7d2558bb621,2026-01-04 06:11:58
PI000783,wallet,792262273af0ca4e,2026-02-26 09:34:48
PI000784,netbanking,b421c027ea8273b8,2026-01-03 21:17:24
PI000785,upi,8a951b7e6d8436f7,2026-02-03 15:15:21
PI000786,netbanking,3439022dbcab5b83,2026-02-11 09:58:46
PI000787,upi,2b00a4249f4e8a34,2026-01-22 07:10:12
PI000788,card,379d44c48cd980bd,2026-01-07 20:43:09
PI000789,upi,70fa112df474ab8e,2026-02-16 09:39:10
PI000790,upi,34ef9cc6469a1626,2026-02-26 00:06:46
PI000791,card,f966feca25bb5900,2026-01-06 05:50:56
PI000792,wallet,9e3d4bc0a594d936,2026-01-02 19:47:08
PI000793,card,d9809663930be123,2026-02-05 21:13:10
PI000794,upi,a29f80bd753b65c3,2026-02-11 13:57:53
PI000795,card,f0f0301299848aa7,2026-01-28 16:26:58
PI000796,card,ef4ff2fc1c41e129,2026-01-04 18:18:32
PI000797,card,ff7d3a0a1186f139,2026-02-27 07:27:41
PI000798,netbanking,e8feea642ae19d56,2026-02-11 07:33:47
PI000799,card,0fc5162f34b96a28,2026-01-25 20:00:52
PI000800,card,9e34e38643a05e6d,2026-02-01 03:58:31
PI000801,card,caa179edbddd14f0,2026-01-13 04:50:17
PI000802,upi,4850f87fe34c40bb,2026-02-14 22:39:16
PI000803,upi,6c50f5577cda9860,2026-01-11 00:36:32
PI000804,upi,5fc44c588c2a62ab,2026-01-09 09:37:16
PI000805,upi,1e4d0e7af852842e,2026-01-10 20:33:43
PI000806,upi,dea71f15dd3c91df,2026-02-28 11:56:41
PI000807,wallet,96e7fe2c1174d197,2026-01-29 00:24:29
PI000808,upi,f3bc8466cfd7a569,2026-01-09 13:48:57
PI000809,upi,733c46a8122c06b5,2026-01-28 19:33:43
PI000810,upi,1eb8895cd8d3903c,2026-01-22 16:53:11
PI000811,upi,db17c4d0125f5e3c,2026-02-01 09:08:23
PI000812,card,57f56aafd6cbfd01,2026-02-28 12:34:20
PI000813,wallet,6cdd723d5bc80839,2026-02-05 21:54:02
PI000814,upi,84e9804dc2af5d85,2026-01-24 16:37:28
PI000815,upi,117585c8a7e1dc5f,2026-01-16 21:44:37
PI000816,wallet,1fd261d0241756b9,2026-01-16 15:45:32
PI000817,wallet,60905e613f426479,2026-01-31 15:28:42
PI000818,wallet,8836d31bc6ccc092,2026-02-27 09:38:02
PI000819,upi,f67a6f4ba15dd8b7,2026-02-03 05:31:05
PI000820,netbanking,01fb26fc47aa65b2,2026-01-27 15:35:12
PI000821,card,fa7b72e0bd212ec6,2026-02-10 23:34:49
PI000822,upi,e07ca89b4dc643d9,2026-02-19 05:30:58
PI000823,upi,767f9790d99f4955,2026-02-09 03:46:18
PI000824,card,349dae5d6fa7974f,2026-01-23 01:38:57
PI000825,card,65346c8b32ed11fa,2026-01-05 21:38:27
PI000826,upi,88c837ae43f09130,2026-01-26 00:05:09
PI000827,card,8f0daaccc3c9b182,2026-01-24 04:26:12
PI000828,upi,d8f6eb673654601e,2026-01-15 14:12:35
PI000829,card,0f63c91ec3adb833,2026-02-09 13:53:28
PI000830,card,f35a20788b71489a,2026-02-18 23:38:12
PI000831,upi,4ef9c63c90a25eb4,2026-02-26 14:55:08
PI000832,upi,98b4f4a813d84ec5,2026-01-10 10:37:24
PI000833,upi,6555367dc24c57f2,2026-02-24 13:02:43
PI000834,upi,d5692677385cf49e,2026-02-07 21:29:37
PI000835,upi,9b42c8c2cc170435,2026-01-12 11:50:06
PI000836,upi,e86499711513ddf1,2026-01-11 16:13:44
PI000837,card,5044aca3e005963a,2026-01-21 00:05:06
PI000838,upi,924d3e30885199f7,2026-02-09 07:14:30
PI000839,upi,eebd7f30e646ce06,2026-02-12 23:26:14
PI000840,card,812ab8f190c29c27,2026-01-26 03:12:17
PI000841,card,7185ea8c5e385331,2026-02-14 20:58:41
PI000842,upi,315bc9dbc8f8b4b3,2026-01-03 16:07:26
PI000843,netbanking,204138f3c5149be8,2026-02-14 09:07:16
PI000844,upi,2f24c0703345202f,2026-02-15 09:03:44
PI000845,card,7a0695088031b053,2026-02-03 11:20:02
PI000846,card,026ab9c94d549401,2026-02-20 22:41:39
PI000847,card,665010d6ecc37159,2026-02-17 01:11:41
PI000848,card,56668050c216c1fe,2026-02-20 12:58:02
PI000849,card,7457793de3ae5a56,2026-01-22 23:47:36
PI000850,upi,b7d653c730cd0141,2026-01-16 16:35:04
PI000851,card,14c4496ad67d6b43,2026-02-16 04:42:46
PI000852,upi,e5c19f20b44188ff,2026-02-08 15:23:18
PI000853,card,4917c77579d9751f,2026-02-06 14:01:30
PI000854,netbanking,fcb1004fa34649f0,2026-01-15 05:09:01
PI000855,card,49f373fb393fb6c7,2026-02-02 14:49:45
PI000856,upi,48393bf551dafe14,2026-02-13 13:41:12
PI000857,card,3062b4a79272de30,2026-01-03 02:56:10
PI000858,upi,381a1c8fb53296c6,2026-01-26 23:45:23
PI000859,upi,f88521ce02ed24c1,2026-02-04 19:17:01
PI000860,wallet,183a7105a430d86b,2026-02-18 03:47:54
PI000861,upi,114e58706bcfae55,2026-02-11 02:35:13
PI000862,upi,4102b20008943d1e,2026-02-04 09:13:09
PI000863,upi,579ff3db61be5859,2026-01-01 07:13:13
PI000864,netbanking,d20debd8fb8622fe,2026-01-17 23:34:04
PI000865,netbanking,ee8520012519e4e2,2026-02-16 22:56:06
PI000866,wallet,dc5fec37d45a7a6b,2026-01-16 18:22:46
PI000867,netbanking,bf13f77c564ac2f4,2026-02-24 09:44:51
PI000868,wallet,4cde4f06d4bce206,2026-01-26 01:04:24
PI000869,card,5d97396c92b290a3,2026-02-01 06:11:22
PI000870,card,f786aba31a3d1aab,2026-01-02 15:37:44
PI000871,upi,d40069df0ac2ad7c,2026-02-19 12:34:58
PI000872,wallet,6abf23cb94180869,2026-01-21 17:38:34
PI000873,card,1a960c52bf13d81e,2026-02-09 23:40:07
PI000874,upi,675a2936b5268f09,2026-01-17 14:11:53
PI000875,card,30371f4dae8f02c3,2026-02-19 09:25:25
PI000876,card,ce27cffe6f8d0a19,2026-02-12 22:13:15
PI000877,wallet,958785809ae24d34,2026-02-25 13:36:02
PI000878,card,0b4536d5c22b1058,2026-02-10 19:02:51
PI000879,card,80aa9e5b2b74f5c4,2026-02-16 13:55:17
PI000880,wallet,3b1ff307d3e63545,2026-01-06 04:50:45
PI000881,upi,4ee612d5f113d2e2,2026-02-21 20:49:45
PI000882,card,05d8bd52682d2726,2026-01-26 05:29:24
PI000883,netbanking,511e73ff9db4b2e4,2026-02-09 03:18:08
PI000884,upi,fcb4534cf7913b66,2026-01-12 21:24:11
PI000885,upi,c3932f56fcaceeb0,2026-01-12 20:58:06
PI000886,upi,b753674731444058,2026-01-18 09:13:59
PI000887,card,f9a036377dd58a26,2026-01-16 02:16:47
PI000888,wallet,0a632ac0f3e0134f,2026-01-23 08:33:52
PI000889,upi,857b5c7e15ab0e3b,2026-02-24 02:50:41
PI000890,upi,8e32f3837cc1c71a,2026-02-19 22:48:21
PI000891,card,d7633fb0791912be,2026-01-22 09:40:27
PI000892,upi,9e1d8b0650e49303,2026-02-12 01:26:17
PI000893,card,3eab11deb074b987,2026-02-17 09:11:39
PI000894,upi,0ba1559274e0212a,2026-01-25 08:00:03
PI000895,upi,7a3ebcb9db28dcbf,2026-01-04 07:30:41
PI000896,netbanking,4f64824c1beafe5b,2026-01-15 08:24:02
PI000897,card,8c8684e8629e7f7f,2026-01-06 13:17:31
PI000898,card,79c21abefff2d2e2,2026-01-16 23:55:46
PI000899,netbanking,e0b8b0ed89677ccb,2026-02-21 23:27:59
PI000900,upi,7086b6ad9fd03d49,2026-01-21 21:29:49
PI000901,card,c8dbc55bb80774f4,2026-02-14 03:24:31
PI000902,upi,f7d71c888e43f73d,2026-02-10 11:30:18
PI000903,card,07d8ac462e730db4,2026-01-18 08:14:13
PI000904,card,12527043300a0ab1,2026-02-25 18:13:57
PI000905,card,dfd1fe021d8a0bf3,2026-02-20 19:29:58
PI000906,upi,8c99c2f6b37e2e81,2026-02-04 17:43:21
PI000907,card,8bb9cd58967174b1,2026-02-17 14:58:47
PI000908,card,4186c3597fe34d36,2026-02-02 16:33:53
PI000909,upi,97702a550a5b8dfc,2026-01-21 08:38:55
PI000910,wallet,b81423f2c08ca249,2026-02-08 21:36:29
PI000911,upi,2d84ac04f56c6863,2026-02-11 18:48:34
PI000912,upi,a79e08bf63d98250,2026-02-08 05:52:26
PI000913,card,0c50592b033a017b,2026-01-26 12:12:08
PI000914,wallet,2028f93b82448b52,2026-01-15 22:20:19
PI000915,card,a591125456673e05,2026-02-24 08:51:44
PI000916,card,d1672eed9a536b2f,2026-02-16 15:01:47
PI000917,netbanking,226f9c2a362e299d,2026-02-04 01:11:13
PI000918,wallet,882f2702458ec61c,2026-01-11 22:59:29
PI000919,upi,577025902b2ce9ea,2026-01-22 06:40:19
PI000920,upi,4734c29e940d84e0,2026-01-06 07:36:26
PI000921,upi,88c8ef7765ca8d9e,2026-01-26 20:20:59
PI000922,card,a162da1ba0d59235,2026-01-20 21:57:56
PI000923,upi,d3ce84e0ba02364f,2026-01-20 21:39:48
PI000924,card,ded575541954379c,2026-02-13 17:46:04
PI000925,netbanking,c4b99c966ba2f985,2026-01-24 15:23:48
PI000926,card,be7257f948f7219f,2026-01-16 20:39:33
PI000927,upi,ec6d9bdbaf57ca71,2026-02-09 20:54:04
PI000928,card,428477d7ab75c89c,2026-01-07 07:36:43
PI000929,upi,376730051671c749,2026-02-24 06:01:02
PI000930,card,39272321d808a5c2,2026-01-17 21:29:07
PI000931,upi,fe2a0154c1ded058,2026-01-16 03:03:36
PI000932,netbanking,408ab6e08f1f15aa,2026-02-02 06:33:04
PI000933,upi,3b06f76d62e8b25f,2026-02-23 17:38:33
PI000934,card,12433c2928192984,2026-01-29 12:33:40
PI000935,upi,29e746e006ddfcff,2026-01-19 13:19:22
PI000936,card,026920b8c4cf13a5,2026-01-12 14:46:09
PI000937,netbanking,92aa7565285a9f82,2026-01-03 17:59:11
PI000938,upi,c5fdcfeebe9ada47,2026-02-13 17:31:43
PI000939,card,4434984351a666cf,2026-02-11 06:50:57
PI000940,upi,fc68e0ea34d66106,2026-01-08 12:11:48
PI000941,upi,834ad57613a1336c,2026-02-14 04:53:37
PI000942,card,65f9a4755a2715ab,2026-01-28 09:10:01
PI000943,card,9d08338093dc769f,2026-02-19 17:15:09
PI000944,upi,bfcc44d435cce03a,2026-02-04 17:41:37
PI000945,card,3e4b23651da5c531,2026-02-28 11:30:59
PI000946,card,f73174f98e6aa168,2026-01-03 13:21:27
PI000947,card,a2592999d74339d8,2026-01-28 04:40:05
PI000948,card,e5a2d4b39ef9518c,2026-02-01 23:23:45
PI000949,upi,1fed339bbe640a6a,2026-01-03 21:43:43
PI000950,wallet,de77a9a614456bfa,2026-02-15 20:33:04
PI000951,wallet,bf0ec2d1242f6ff0,2026-01-08 11:19:55
PI000952,card,10180fe54da8d006,2026-01-17 03:05:06
PI000953,card,a59cb7662274897e,2026-02-13 11:39:13
PI000954,card,dc222809365c35dd,2026-02-11 19:12:28
PI000955,card,addb5c409d80ce75,2026-02-16 17:38:46
PI000956,card,6439b6c875d05d0b,2026-01-18 14:01:01
PI000957,upi,b4be9bdbaa4242aa,2026-01-28 19:16:06
PI000958,upi,6da2d0f9c2d64a16,2026-02-08 21:16:53
PI000959,wallet,2bcc359065d771f9,2026-01-25 23:38:57
PI000960,card,21511b8293fc8fae,2026-01-07 02:02:40
PI000961,card,23f30ee495985105,2026-02-16 06:54:03
PI000962,upi,16fc8978491bc6d3,2026-02-08 16:43:45
PI000963,card,a65512315a63a883,2026-02-15 05:04:32
PI000964,card,cc111998d5dc08ef,2026-02-26 13:07:47
PI000965,card,a3efa7254df446e6,2026-02-11 10:49:11
PI000966,wallet,308d59069d186ddf,2026-02-06 19:03:35
PI000967,upi,cac0bac89c467095,2026-01-30 12:35:40
PI000968,card,696f0695108cfe99,2026-02-26 07:57:33
PI000969,upi,833f1149d13c5a1c,2026-02-26 05:57:47
PI000970,upi,b04887feab72b190,2026-02-18 21:41:33
PI000971,card,d583478455188c08,2026-02-25 16:37:42
PI000972,card,19b11ead8d20897e,2026-02-28 02:25:06
PI000973,upi,ce30fd00e84e4907,2026-01-26 12:53:25
PI000974,wallet,99ef7fc2d0e6b1e7,2026-02-21 12:41:50
PI000975,wallet,6e423b93f3286e9d,2026-02-12 11:19:25
PI000976,card,48590d8b4ee4be6c,2026-02-22 04:56:39
PI000977,wallet,fb8eb8cb74fb39c3,2026-01-19 10:14:18
PI000978,upi,8afb18b60577d4e9,2026-01-26 06:17:05
PI000979,card,a99ec1098f7b0a76,2026-02-20 09:51:03
PI000980,upi,b4d5be643a38b9b1,2026-02-18 00:09:15
PI000981,netbanking,4bc8dbab26fd5419,2026-01-05 16:33:33
PI000982,card,97db8e14ef7719e6,2026-01-12 10:22:49
PI000983,upi,ae60f1f95695caf2,2026-01-13 22:34:04
PI000984,upi,b6b5363523b401c9,2026-01-01 06:43:41
PI000985,card,c0304bf3764b6495,2026-01-05 07:42:48
PI000986,card,8f2bb1564981c536,2026-02-02 21:08:09
PI000987,card,06bbaf83592f47d6,2026-01-16 05:11:39
PI000988,card,44161c4757a6b6d9,2026-02-06 17:58:07
PI000989,card,f767b9e50744ff26,2026-02-15 15:08:10
PI000990,card,b9c702cc2b87729b,2026-01-14 12:02:48
PI000991,upi,35674f92f11fb95c,2026-02-27 09:32:34
PI000992,card,5a6d6f60a231e4d8,2026-01-10 21:27:02
PI000993,upi,784289c477f60c94,2026-01-13 09:13:07
PI000994,upi,77470ad1d8c505b6,2026-01-31 07:21:30
PI000995,card,502e3fa4d6308832,2026-02-13 12:04:57
PI000996,upi,c7be28b686c2b615,2026-02-25 00:43:28
PI000997,card,e30ebf319b376a6b,2026-01-27 09:49:24
PI000998,upi,502e14ab99145936,2026-02-23 08:31:34
PI000999,upi,4ff1dcd6331c8d1e,2026-01-17 17:37:00
PI001000,card,bbad48fd318af639,2026-02-22 07:36:59
PI001001,netbanking,3ec0fdede0eb4f8b,2026-02-18 00:57:42
PI001002,card,74adcae9c71fcbb5,2026-02-09 23:51:22
PI001003,card,765cde29bf364a5b,2026-01-25 17:30:11
PI001004,wallet,035f3caa1bc3de48,2026-01-07 04:24:18
PI001005,card,c7b03894a936a415,2026-01-17 21:21:59
PI001006,upi,89a60739ca2a3daf,2026-01-16 07:21:54
PI001007,upi,79bff82f226cc04a,2026-01-29 19:36:41
PI001008,netbanking,c5b161fad5c9ae64,2026-01-10 11:38:54
PI001009,upi,095d5643507f38e9,2026-02-04 01:18:14
PI001010,card,c768224aa352860c,2026-02-20 01:24:53
PI001011,card,4b92b01659b428f9,2026-01-23 16:52:15
PI001012,card,535dff128cbe3f64,2026-02-07 13:58:42
PI001013,upi,4c2c965aa215fd82,2026-02-12 03:10:05
PI001014,upi,c9ad659b09de96d4,2026-01-01 19:58:40
PI001015,netbanking,cded19185aefd633,2026-02-18 01:42:52
PI001016,wallet,a94a368db16f3762,2026-02-19 11:51:29
PI001017,wallet,ab815a7fd592acac,2026-01-24 02:51:28
PI001018,card,010021b548f46572,2026-01-27 04:43:46
PI001019,netbanking,db5ab95743d5c7f3,2026-01-27 17:20:39
PI001020,wallet,68e679083e5f6da7,2026-02-24 16:32:44
PI001021,upi,c022aca8202a623e,2026-02-14 13:50:12
PI001022,wallet,126b952398f08dd1,2026-01-12 22:00:58
PI001023,wallet,a9fdd54e56c34301,2026-02-19 22:03:34
PI001024,netbanking,b56eb99320df1310,2026-02-09 07:14:31
PI001025,upi,ed5a0e950029a9a1,2026-02-18 03:04:07
PI001026,card,e2ae3c4fda907062,2026-02-25 16:53:02
PI001027,netbanking,bb9baff9f4275c7a,2026-01-31 21:44:34
PI001028,card,2e3411f18f5ead16,2026-01-04 06:35:35
PI001029,card,8088ce244d789483,2026-01-30 03:42:29
PI001030,card,316b74f1654a77d7,2026-01-29 06:27:19
PI001031,wallet,dbc44db99ac5885d,2026-02-28 19:02:30
PI001032,netbanking,6d5c4c47ffc9fb1a,2026-02-02 23:59:56
PI001033,card,8bf5c5f5dedd35be,2026-01-24 14:54:26
PI001034,upi,e735b60c244827cf,2026-01-02 12:47:03
PI001035,upi,57350378a3ad6191,2026-01-25 07:13:28
PI001036,netbanking,21e3fa1f7cb47d02,2026-02-02 04:24:58
PI001037,netbanking,fc6e041a8e123612,2026-01-09 17:57:08
PI001038,wallet,d0420ac2c7dcb2b0,2026-02-04 16:28:16
PI001039,upi,d8c72c987ff9d6a7,2026-01-06 02:02:34
PI001040,card,07f698dd53053da5,2026-02-09 22:27:20
PI001041,card,6f056fd696585f81,2026-02-04 14:11:01
PI001042,upi,76df9a16b55a22d2,2026-01-15 05:10:29
PI001043,upi,67f03ec3cf3bb14f,2026-01-18 12:35:41
PI001044,upi,a8ee07b2de71c3e7,2026-01-20 12:43:38
PI001045,card,756db5775ceb086e,2026-02-04 04:43:59
PI001046,wallet,dfb64475dc95b8c6,2026-01-16 13:17:48
PI001047,upi,563baad4f741ccfa,2026-01-26 22:02:38
PI001048,upi,b52a5ced789a02c8,2026-01-15 10:54:09
PI001049,card,8abf6a1aa20de441,2026-02-22 21:49:44
PI001050,wallet,00197915f72b279e,2026-02-13 01:00:47
PI001051,upi,8a069d29387e9c5c,2026-01-01 23:17:30
PI001052,card,c2b67949a998bcb1,2026-02-04 21:03:52
PI001053,upi,9e108e4a055c7a05,2026-02-17 06:56:31
PI001054,card,9a48ff2f4abcb634,2026-01-19 20:10:11
PI001055,netbanking,c1ca045257f2ca69,2026-02-15 19:18:49
PI001056,upi,aa03cbc1a52c8b9b,2026-01-26 08:05:34
PI001057,card,914817c088289014,2026-01-13 14:55:20
PI001058,card,5c830fd962074d76,2026-02-19 09:20:55
PI001059,upi,63f89c60aac2ea33,2026-02-05 02:24:22
PI001060,upi,0ccc6a0dc4139471,2026-02-19 13:48:58
PI001061,wallet,d5a8f5250fd5b376,2026-02-15 20:04:00
PI001062,upi,813b47e6ba49847f,2026-01-13 08:23:20
PI001063,wallet,adfc187ab66bfcb3,2026-01-18 12:19:50
PI001064,upi,7cdf6f052e1dcd26,2026-02-02 10:15:11
PI001065,card,13184736166fecfd,2026-01-23 16:29:45
PI001066,wallet,c8aaa0bd449fb29a,2026-02-14 07:53:37
PI001067,upi,e89d236a5bd12d86,2026-02-15 08:31:12
PI001068,upi,48c62d72c0c7d30a,2026-02-25 05:16:31
PI001069,upi,d5e86e9b18d000d9,2026-01-24 06:55:33
PI001070,upi,d95d1f7c5ddd1d78,2026-01-18 23:21:08
PI001071,netbanking,25d5c3a63bb4bc6e,2026-01-06 18:37:39
PI001072,card,7f3b93f90d7c1019,2026-02-08 03:11:02
PI001073,upi,ac0282f458fae14f,2026-02-07 02:43:34
PI001074,wallet,c4f8c12eeb9ff370,2026-02-14 14:24:27
PI001075,card,403d11c8b2676433,2026-01-03 03:42:18
PI001076,upi,bb5c307ecb892265,2026-01-08 12:32:09
PI001077,card,68de8f95f5a0be68,2026-01-16 11:27:29
PI001078,upi,4c2436d978b28904,2026-02-27 20:17:15
PI001079,upi,f18d93a50fbec6b7,2026-02-27 10:41:37
PI001080,upi,3f8766a02c5f182d,2026-01-14 09:33:22
PI001081,wallet,623ff3609292249f,2026-01-06 16:41:42
PI001082,card,829f2b5d6f52b5b4,2026-01-29 19:58:52
PI001083,card,354be58d071558da,2026-01-31 14:03:12
PI001084,wallet,1235b1565064c85b,2026-02-27 17:29:32
PI001085,card,186708bec9badfdf,2026-02-10 20:45:10
PI001086,card,a831d2bb70bb815d,2026-02-06 07:12:50
PI001087,upi,69fa99933a8ba092,2026-02-15 15:27:24
PI001088,netbanking,a919e5a4846d084f,2026-01-08 10:18:13
PI001089,wallet,c685e3186c8e7bd8,2026-01-13 12:07:56
PI001090,upi,792703feafae2bb3,2026-01-11 04:56:57
PI001091,card,7804305b5e77ef05,2026-01-09 11:23:20
PI001092,card,9256172a4bfaf092,2026-01-21 00:13:20
PI001093,card,89f2afbb1025ff50,2026-02-21 13:13:06
PI001094,card,16581c88328f7bff,2026-02-28 10:09:25
PI001095,netbanking,6f715673396716ee,2026-01-27 05:48:18
PI001096,upi,dabd590c75f0554a,2026-01-05 13:40:22
PI001097,upi,93eb136eacb7b671,2026-01-14 06:41:50
PI001098,card,cbf42bf670835b6a,2026-02-24 23:04:53
PI001099,card,31a00bd4c85cfd2b,2026-01-27 17:51:17
PI001100,upi,07c3466085606739,2026-02-14 04:10:45
PI001101,upi,efc0abd6efda61e6,2026-01-30 10:49:19
PI001102,card,5704dd5b3b206690,2026-01-02 12:59:45
PI001103,netbanking,ae8c778856caec10,2026-01-12 09:03:13
PI001104,upi,a2c26163a1ee73ac,2026-02-05 10:48:54
PI001105,card,355e8c0bab1223db,2026-02-08 10:23:12
PI001106,wallet,dbec5ad924f0efe2,2026-01-16 08:24:18
PI001107,upi,7e13f05a84f2e0c8,2026-02-24 19:59:47
PI001108,wallet,fe6e27e1d83336ad,2026-01-08 11:38:32
PI001109,upi,c11be1455e25259f,2026-02-17 01:44:53
PI001110,card,69467fb6cbc7eb1c,2026-01-20 16:02:28
PI001111,upi,63d3b6cd86175fa1,2026-01-22 21:14:06
PI001112,upi,babe5b93dc75a4a6,2026-01-23 04:48:07
PI001113,upi,41462290987df0b1,2026-02-22 05:27:06
PI001114,wallet,1e66d8274a2fb8a2,2026-01-12 12:39:03
PI001115,card,c9d40a33e061645f,2026-01-25 09:13:16
PI001116,upi,2d52f7010f226940,2026-01-25 17:50:05
PI001117,upi,eefb2fc84018b3cb,2026-02-27 12:04:22
PI001118,upi,34dc386f2f7c214c,2026-01-26 23:12:35
PI001119,wallet,7362947409255a02,2026-01-01 23:36:38
PI001120,netbanking,a4e46a4ab046625b,2026-02-17 05:12:06
PI001121,card,1f084e4dd5741e1a,2026-01-04 21:45:53
PI001122,upi,7ae613ae0bd55286,2026-01-25 17:52:30
PI001123,card,cab4a02c339523ba,2026-01-26 18:59:36
PI001124,card,3497dfda51d7e0a2,2026-02-15 10:01:33
PI001125,card,86d59a27557f9e72,2026-01-18 15:03:54
PI001126,card,ca602a371dac8601,2026-01-16 07:09:27
PI001127,card,b3b7a7fcc2e24bb8,2026-02-14 12:44:09
PI001128,upi,455f3f84c364045a,2026-02-05 16:25:54
PI001129,card,8b09a61e26ffdbdc,2026-02-27 23:03:28
PI001130,netbanking,4e963289ed9ddb7b,2026-01-13 04:17:48
PI001131,card,be4a78b703866c8e,2026-02-05 09:17:46
PI001132,upi,69f2092123a5a173,2026-01-31 06:09:26
PI001133,upi,cd6eeda511ca303e,2026-01-31 15:58:36
PI001134,upi,b2d104eb9cf35612,2026-02-22 06:04:50
PI001135,wallet,3bcc366698e27e09,2026-01-15 20:11:25
PI001136,card,fb774fc06acbaad2,2026-02-21 09:50:10
PI001137,card,58fa3de106c90aa1,2026-01-16 11:26:27
PI001138,card,ab411229d192c2ce,2026-01-21 08:12:00
PI001139,upi,c3c04a144917a425,2026-01-12 14:25:37
PI001140,card,5b666697a00df68e,2026-01-14 17:14:16
PI001141,card,a517ed0a1520b791,2026-01-24 21:18:13
PI001142,upi,48a3a484c174bb33,2026-02-09 15:35:05
PI001143,wallet,5c97ea9a1a158529,2026-02-23 02:10:29
PI001144,card,5a0026a29748b23a,2026-01-12 22:37:13
PI001145,wallet,c045dd07ec3bd8a2,2026-02-11 10:55:10
PI001146,upi,527dfede7e8f0e8e,2026-02-10 17:03:09
PI001147,upi,4c9e33bef6d72b9e,2026-01-12 10:21:00
PI001148,netbanking,e04bb7078585d418,2026-01-05 10:55:21
PI001149,upi,5f519de09cfaa8dc,2026-01-15 03:50:11
PI001150,upi,6ade85db1f4bbcc9,2026-02-03 17:28:52
PI001151,card,c26cdf6d25b75e84,2026-02-19 14:48:42
PI001152,upi,e29ff3bc6c810b26,2026-01-16 00:36:18
PI001153,upi,3d83d2e1401307d7,2026-01-14 04:48:45
PI001154,card,3c9af0b04bcb15b7,2026-01-03 00:03:30
PI001155,wallet,e04521150edab8ad,2026-02-27 05:53:47
PI001156,upi,32d57b7beba10fdf,2026-01-23 01:26:05
PI001157,upi,4aac041a5b39de7c,2026-01-25 13:39:58
PI001158,upi,98613e295d0917cf,2026-02-17 07:10:18
PI001159,netbanking,5b11a5fa2c8fbc79,2026-01-03 16:44:25
PI001160,wallet,62e9ce447f91364e,2026-01-07 17:22:56
PI001161,wallet,dbf2f13d57d0e979,2026-01-09 20:00:34
PI001162,upi,2970bb52a204f89e,2026-01-31 15:06:52
PI001163,card,6ef0cce74c299041,2026-01-27 23:11:18
PI001164,card,f5ade1f0e038f027,2026-01-27 10:17:37
PI001165,card,e21913c3d35f9a46,2026-01-09 22:52:45
PI001166,card,9badc89a67c974a6,2026-02-27 20:57:32
PI001167,upi,018ef81b07837ee8,2026-02-23 11:42:55
PI001168,card,604149cb6721fbef,2026-01-18 17:09:16
PI001169,card,c63fbd8c0e5b41d3,2026-02-09 14:53:29
PI001170,upi,25512bbde7f18a95,2026-01-20 18:25:34
PI001171,wallet,30313cddcc51287e,2026-02-11 20:11:42
PI001172,wallet,3f53a4891909c6ed,2026-01-26 06:56:48
PI001173,upi,d0d6e55694e14aef,2026-02-19 03:41:12
PI001174,card,35ea5683fd7b5f5e,2026-02-05 19:42:18
PI001175,card,8f2d3e4275b799f8,2026-02-12 23:48:27
PI001176,upi,ec867d444343ebed,2026-02-20 06:20:23
PI001177,upi,c1586110f7a2eb5e,2026-02-16 15:40:50
PI001178,card,fbbc48814d6926cb,2026-02-17 21:44:45
PI001179,upi,e74671d61f663aa4,2026-01-20 23:29:36
PI001180,wallet,ed5554c3a7310691,2026-01-20 08:23:48
PI001181,card,ea336a30c1e8373f,2026-01-25 08:41:51
PI001182,upi,41acae3a7c7d63c0,2026-01-09 02:46:36
PI001183,card,7aab3d8c68d4525a,2026-01-02 07:08:49
PI001184,upi,13635a186a61eb8e,2026-02-26 00:17:54
PI001185,card,ebb1de002740971f,2026-02-01 22:44:59
PI001186,wallet,3e0d7570c3be2713,2026-01-13 07:41:15
PI001187,upi,f07cfff68de89eb0,2026-02-24 00:35:09
PI001188,card,9bb4b0a62c4e3f7b,2026-02-22 17:31:49
PI001189,wallet,e1370bc4afa2a1d4,2026-01-19 23:49:29
PI001190,upi,da9f4b41d35b88ab,2026-01-31 16:23:23
PI001191,card,70209558e5eba45d,2026-02-22 12:08:43
PI001192,wallet,47bc2e3cdf723bf3,2026-01-04 11:44:33
PI001193,wallet,3416ea8d2682e277,2026-01-17 20:55:14
PI001194,wallet,510eb447ca70860e,2026-01-22 12:11:54
PI001195,card,dce9b84b4840ebb5,2026-01-29 12:24:37
PI001196,card,2b6f368b08532da8,2026-01-10 03:01:59
PI001197,card,ee8d12ffb1394d0b,2026-01-03 04:38:43
PI001198,card,422a997f5796f5bd,2026-01-04 02:03:36
PI001199,card,83ee4f0e0a2305d3,2026-02-17 11:38:00
PI001200,netbanking,a6f97f67c5a2c052,2026-02-13 02:25:39
PI001201,upi,2b48924968b99133,2026-02-14 09:34:49
PI001202,upi,0080f70c40e07855,2026-01-12 19:53:59
PI001203,card,1a3c7a04f21192c2,2026-02-09 05:17:11
PI001204,upi,0658d59f2d77e8f0,2026-02-14 19:26:09
PI001205,card,4d860e11f5508a10,2026-01-03 14:38:24
PI001206,netbanking,0a65c9577f7b5d65,2026-01-05 22:13:30
PI001207,wallet,eab01b030189d286,2026-02-24 17:34:07
PI001208,wallet,2ba2faa168b1e8f0,2026-02-09 06:56:23
PI001209,wallet,f372dc34960729aa,2026-02-27 18:14:20
PI001210,upi,f79be4c92805ae30,2026-01-12 11:33:55
PI001211,card,6c2a3e92705e5990,2026-02-20 20:01:52
PI001212,card,bc3f4c8d948b14e1,2026-01-29 18:19:28
PI001213,wallet,6884a6ae6eae1885,2026-02-12 06:08:16
PI001214,card,56770d33b0aa6d6d,2026-02-12 20:12:38
PI001215,card,4119becbb84747c2,2026-02-20 00:45:16
PI001216,upi,3bb4cfe9a378d874,2026-01-25 22:14:09
PI001217,wallet,40e39b021b6f64b1,2026-02-16 15:31:36
PI001218,upi,b58864da1cffca3e,2026-01-19 23:09:33
PI001219,upi,47653be2ea0ed49a,2026-01-26 19:23:54
PI001220,upi,6acef8abae17705c,2026-01-24 04:58:30
PI001221,card,75021677b7dd0cf5,2026-02-07 11:04:17
PI001222,upi,b98e059c8efab26c,2026-01-10 21:25:37
PI001223,wallet,0d17a881e04e66e8,2026-01-04 23:49:31
PI001224,card,b7ce0be902d08737,2026-01-21 14:41:27
PI001225,upi,7a5e4ed3215873d7,2026-02-25 19:39:27
PI001226,upi,45cb7ffae4cafc42,2026-02-25 23:58:06
PI001227,card,c6f6fcd2d3fe5363,2026-01-27 16:05:33
PI001228,upi,597ad382dd702014,2026-02-10 14:25:10
PI001229,upi,c383e749dc298e0b,2026-01-03 16:25:18
PI001230,card,4a9f494383100d4f,2026-01-17 09:14:47
PI001231,card,2efe698ebcc579cd,2026-02-28 15:14:12
PI001232,card,3f2869dbe434ba30,2026-02-11 13:59:10
PI001233,card,170512cc152132f3,2026-02-03 22:52:56
PI001234,upi,2722a56300ab39ba,2026-01-28 09:02:01
PI001235,card,52d466b073a2ceb5,2026-01-27 18:38:37
PI001236,upi,d0b05501a8deb7e7,2026-02-10 19:31:15
PI001237,card,fa24cce0d942cb15,2026-01-06 21:46:43
PI001238,netbanking,1ba8aa706553fd13,2026-02-27 05:59:46
PI001239,card,c6b69c507c96ac70,2026-01-20 01:59:18
PI001240,card,ac13b534a8d0b960,2026-01-02 20:01:29
PI001241,card,c7f15902e906fbf1,2026-01-30 23:03:53
PI001242,wallet,af670d555014fdce,2026-02-02 06:54:31
PI001243,netbanking,f3cf5744edaa52e4,2026-02-13 21:06:48
PI001244,upi,590346b858c08279,2026-01-19 01:03:15
PI001245,card,fb19f1b72e1037f2,2026-01-02 18:06:56
PI001246,card,c37ecaf557de1721,2026-02-02 02:32:08
PI001247,wallet,25a589a0b7c73a24,2026-01-29 16:42:24
PI001248,card,d7a3a89931e9cf7a,2026-02-21 03:34:42
PI001249,upi,e423fa5580300f2c,2026-01-01 17:48:41
PI001250,netbanking,70f2dc145ee04f89,2026-02-03 12:19:01
PI001251,upi,8c6ee706b50b8d99,2026-01-18 15:22:03
PI001252,upi,cdc94a4ffae961a1,2026-01-12 07:32:56
PI001253,card,c621a96de32a2c50,2026-02-11 11:02:15
PI001254,card,65fbec274fea27df,2026-02-04 11:46:36
PI001255,upi,3d097555618b4bf7,2026-01-18 14:54:37
PI001256,card,dabc8fc6b0249312,2026-02-18 20:30:33
PI001257,upi,2e9b47d07352743e,2026-01-25 01:35:09
PI001258,card,ee9f6cad60cbe0ea,2026-02-13 06:40:00
PI001259,upi,fb1b198237c6052e,2026-01-20 17:10:53
PI001260,card,2d214d1bb1373b26,2026-02-09 15:19:27
PI001261,netbanking,36373740e21d0ec9,2026-01-13 09:51:30
PI001262,upi,4d8c3b6410208bf2,2026-01-31 03:05:31
PI001263,card,9bee273d7ffd5b86,2026-01-12 01:27:07
PI001264,card,7b554e10adf214d8,2026-01-02 08:47:41
PI001265,wallet,25eb96058e330bcc,2026-01-25 04:08:29
PI001266,netbanking,ec685e736bf99690,2026-02-22 01:49:18
PI001267,card,45c1547db427f0c9,2026-01-31 21:04:57
PI001268,upi,3e753a4d3c24d5d1,2026-02-01 00:02:58
PI001269,upi,7c8f84844be8acb0,2026-02-19 03:34:36
PI001270,netbanking,2c5bf484c932715d,2026-01-07 19:34:40
PI001271,card,37eadef231d7f166,2026-02-17 10:20:56
PI001272,wallet,a6d5eb10c3efd4f2,2026-01-11 03:15:45
PI001273,upi,2f17d9bd752b8ec6,2026-01-26 07:06:33
PI001274,upi,6fd833fe3ccc8bb7,2026-01-23 00:00:53
PI001275,wallet,31b184c3df472e18,2026-02-21 02:04:26
PI001276,upi,8d563077c6282bc1,2026-01-08 01:23:48
PI001277,card,66737b892665a8d7,2026-01-19 08:38:43
PI001278,upi,3b3cb9508640c59e,2026-01-07 21:44:30
PI001279,upi,0e51bd176ff09508,2026-01-17 02:33:19
PI001280,upi,65d478f7e8a19675,2026-01-13 03:38:30
PI001281,upi,37a611cd97cdbe94,2026-02-01 23:55:17
PI001282,upi,712c6ded6b0a6931,2026-02-04 00:15:02
PI001283,netbanking,7904158ab92a66c7,2026-01-26 00:27:19
PI001284,upi,e335fbd1f83cdeea,2026-01-25 03:20:34
PI001285,upi,03bd5fbc30a608b0,2026-01-08 11:33:56
PI001286,card,dce6eb8cd919e39a,2026-02-03 09:57:23
PI001287,card,0e3188a74f2d5c3b,2026-02-05 02:34:54
PI001288,card,1b4548911f167abd,2026-01-11 03:23:55
PI001289,wallet,ce5697bf1a18b129,2026-01-19 09:13:36
PI001290,upi,dbc511988bbc4bd0,2026-02-04 09:08:49
PI001291,upi,cbb8046dfc587c9b,2026-01-05 17:22:26
PI001292,upi,bc6ded69c1ce8bf2,2026-02-09 11:24:45
PI001293,upi,b1d74941f232c654,2026-01-05 05:48:54
PI001294,card,65a74819db945092,2026-02-11 09:11:03
PI001295,upi,2bfa3d15053e90ad,2026-02-09 07:25:12
PI001296,upi,c3edcf9744cc94ae,2026-02-02 07:00:58
PI001297,wallet,2ff9bc5170ad1923,2026-02-22 04:52:07
PI001298,upi,c4a934fac6caf102,2026-02-16 22:47:20
PI001299,card,16d73205f684a43f,2026-02-09 23:33:18
PI001300,netbanking,2905216c8ca4369f,2026-02-04 16:58:39
PI001301,wallet,d10d9fc09efe723d,2026-02-27 14:44:24
PI001302,card,673479189f2bf22d,2026-02-18 16:38:23
PI001303,upi,560e7237d8bcbe6e,2026-02-20 23:50:29
PI001304,upi,aded2aae8fdc038e,2026-02-21 22:17:58
PI001305,upi,52ef0a6d0e8c11fd,2026-01-09 07:37:07
PI001306,upi,b9b85dba748aa88a,2026-01-30 12:13:47
PI001307,card,d55cf8c9573f61dc,2026-01-18 16:22:18
PI001308,netbanking,34a222a7aaa845d0,2026-01-06 05:45:18
PI001309,wallet,59622a1f94e5123d,2026-02-24 15:40:05
PI001310,card,c0b7119c452f6145,2026-02-20 13:15:38
PI001311,card,4b8538e5ebc569f7,2026-01-14 15:11:01
PI001312,netbanking,0e335dd1f7fc9a1a,2026-01-17 12:40:33
PI001313,upi,ff134e5357e55b88,2026-02-08 13:26:08
PI001314,card,ff78aa734cc878d5,2026-02-27 00:50:21
PI001315,upi,453f28acecb9a226,2026-02-01 01:05:00
PI001316,card,f9beb8f5147d3fbe,2026-02-16 14:41:39
PI001317,wallet,82b7520205d0e6cb,2026-02-04 03:40:16
PI001318,card,279d7bca972582a1,2026-02-04 22:50:06
PI001319,card,877a9f23b90dcf3b,2026-01-27 16:23:15
PI001320,upi,36f4801b8c23b7da,2026-02-22 01:13:05
PI001321,upi,3081cafbf0cc3b2d,2026-02-08 09:17:05
PI001322,upi,2945cb5bb7e11237,2026-02-16 06:10:00
PI001323,upi,3b45b5c344b99caa,2026-01-25 02:49:37
PI001324,card,208496a41e92ea2a,2026-02-25 07:32:46
PI001325,upi,249ef6656743b719,2026-02-10 01:30:49
PI001326,card,11379c829244ce10,2026-01-19 03:50:00
PI001327,upi,3d8ca005a0d273f9,2026-02-24 09:37:13
PI001328,card,761a656ea083cc28,2026-02-20 23:01:37
PI001329,upi,12db03e825b804f6,2026-02-06 16:18:25
PI001330,card,62ff3940477019c8,2026-02-10 02:56:51
PI001331,upi,a01f86ec54c7691c,2026-02-28 04:58:57
PI001332,card,5294596c68975637,2026-02-25 13:44:03
PI001333,card,067f0b37f054b6d0,2026-01-16 19:54:30
PI001334,card,a23ec9e5ded98124,2026-02-27 11:19:18
PI001335,card,e20e526483e11fb2,2026-01-19 15:00:17
PI001336,netbanking,19278924f48ec321,2026-02-26 04:18:17
PI001337,upi,204fb0ca96a7a085,2026-02-11 11:26:30
PI001338,wallet,4a8960c8f4f7eceb,2026-02-02 12:49:34
PI001339,upi,60c887a05a76449c,2026-02-02 16:17:36
PI001340,netbanking,c78bdad3ccecb44f,2026-02-08 20:17:23
PI001341,upi,179d9f3827e3a2d1,2026-02-04 02:19:23
PI001342,card,ac4563ba50d7ef92,2026-01-30 17:12:23
PI001343,upi,97d819ee60832c61,2026-02-10 13:52:09
PI001344,card,08ba4feafe4a0cc4,2026-01-31 19:49:47
PI001345,upi,6586ca948cba5c25,2026-01-14 12:27:01
PI001346,upi,1edfec72d4f143b7,2026-02-17 07:27:03
PI001347,card,f612ee91070f8760,2026-01-10 03:10:22
PI001348,card,b583a93a1baf4360,2026-01-17 16:45:19
PI001349,upi,d111db922c0d291f,2026-01-27 22:01:41
PI001350,card,cee3ded16051d486,2026-01-27 12:11:56
PI001351,netbanking,00a18708bd3d7c27,2026-01-07 03:39:01
PI001352,card,dff66356f1500e62,2026-01-02 03:12:39
PI001353,netbanking,9a7201c8bbf3e23d,2026-02-16 10:51:22
PI001354,upi,cd51d150e52c6416,2026-02-02 11:43:22
PI001355,netbanking,7bc0e23619c3a1ae,2026-01-31 07:36:27
PI001356,card,2fac6bac97f45b02,2026-02-25 13:49:14
PI001357,upi,827f947a65f46c72,2026-01-07 20:22:07
PI001358,card,3eb720397f22fcf4,2026-02-11 19:36:47
PI001359,wallet,36a3e3f22ec3401c,2026-02-22 23:05:15
PI001360,netbanking,33b9ce1a2949234b,2026-01-24 20:20:59
PI001361,upi,fe6a74d4fa0fac58,2026-02-07 02:02:55
PI001362,card,002a35fb251fba12,2026-02-01 01:52:30
PI001363,wallet,1f3696f3b8607c06,2026-01-03 22:33:29
PI001364,card,382068de7864d76d,2026-02-02 20:14:00
PI001365,card,83c7eff93ca1a9a8,2026-02-20 11:48:46
PI001366,card,999929be518cc662,2026-02-15 21:07:40
PI001367,upi,c159ab309ea5632b,2026-01-24 17:10:45
PI001368,card,8ee21dd6329cfaa2,2026-02-10 04:24:44
PI001369,upi,7b2810727db7bbca,2026-02-05 11:04:59
PI001370,wallet,ab2a3daf3e72a883,2026-01-15 04:12:23
PI001371,netbanking,1ea21c3abaa8bbf8,2026-01-20 11:31:51
PI001372,upi,28871a198bcdfc8c,2026-01-17 23:52:07
PI001373,upi,5f7034eec9142acc,2026-01-18 09:38:08
PI001374,card,385ee2b3144be686,2026-02-26 15:23:35
PI001375,upi,72810b9e5966da7d,2026-02-06 15:25:33
PI001376,card,d42d1823030c5464,2026-02-24 19:02:55
PI001377,upi,de37d417865f20f2,2026-01-02 14:02:58
PI001378,upi,4aa27f4dcdf39cc7,2026-01-07 05:37:58
PI001379,card,b512c747f27f1eb3,2026-02-13 10:31:36
PI001380,upi,d3f65cc31f06f82f,2026-02-27 02:10:22
PI001381,card,4ed1a582bf6f475b,2026-01-04 02:43:39
PI001382,netbanking,ce03de4a36c63a9c,2026-02-19 04:56:39
PI001383,upi,4c23f0e1ee5cfa66,2026-02-26 03:27:10
PI001384,card,d08cfc1c4cc81ff2,2026-02-14 04:19:03
PI001385,upi,0a05c1706ad96e6a,2026-01-26 02:13:20
PI001386,card,f2cd9d084c036317,2026-01-03 05:50:10
PI001387,wallet,22635d907ec2fee7,2026-01-02 02:42:39
PI001388,card,3f5027518f7d3390,2026-02-13 14:45:26
PI001389,card,ee226cc6c3a6122e,2026-01-15 16:08:38
PI001390,card,7aba300dd6497a13,2026-02-25 23:40:12
PI001391,card,44107061c816d219,2026-01-05 03:54:54
PI001392,card,cf44b06455c175cf,2026-01-11 18:36:35
PI001393,card,5bb16fd9888971ed,2026-02-27 06:45:02
PI001394,card,218f6504f57424e8,2026-02-27 11:26:15
PI001395,upi,b1c218652c91c003,2026-02-20 18:00:22
PI001396,upi,26cc1f18265f8808,2026-02-14 00:14:42
PI001397,upi,59c138509ed8b7d6,2026-02-13 14:10:59
PI001398,upi,9c02328b24a4f58a,2026-02-09 00:52:35
PI001399,upi,8260795b10d0ae18,2026-01-16 00:47:03
