account_id,community_id
A000000,7
A000001,6
A000002,18
A000003,0
A000004,0
A000005,4
A000006,8
A000007,19
A000008,7
A000009,20
A000010,21
A000011,9
A000012,4
A000013,3
A000014,22
A000015,10
A000016,23
A000017,5
A000018,11
A000019,5
A000020,4
A000021,3
A000022,24
A000023,8
A000024,9
A000025,0
A000026,25
A000027,10
A000028,0
A000029,4
A000030,8
A000031,26
A000032,7
A000033,8
A000034,11
A000035,5
A000036,11
A000037,27
A000038,28
A000039,29
A000040,1
A000041,8
A000042,3
A000043,2
A000044,11
A000045,3
A000046,30
A000047,6
A000048,31
A000049,2
A000050,4
A000051,6
A000052,5
A000053,8
A000054,1
A000055,4
A000056,1
A000057,10
A000058,0
A000059,2
A000060,11
A000061,7
A000062,0
A000063,0
A000064,3
A000065,32
A000066,3
A000067,33
A000068,0
A000069,34
A000070,3
A000071,35
A000072,10
A000073,7
A000074,8
A000075,36
A000076,9
A000077,11
A000078,37
A000079,0
A000080,8
A000081,1
A000082,6
A000083,38
A000084,0
A000085,0
A000086,3
A000087,3
A000088,0
A000089,11
A000090,3
A000091,39
A000092,40
A000093,4
A000094,2
A000095,7
A000096,8
A000097,41
A000098,2
A000099,2
A000100,7
A000101,4
A000102,9
A000103,0
A000104,42
A000105,43
A000106,8
A000107,1
A000108,44
A000109,0
A000110,1
A000111,7
A000112,45
A000113,2
A000114,46
A000115,4
A000116,47
A000117,48
A000118,7
A000119,11
A000120,2
A000121,2
A000122,1
A000123,1
A000124,3
A000125,49
A000126,0
A000127,9
A000128,5
A000129,0
A000130,11
A000131,10
A000132,5
A000133,0
A000134,2
A000135,1
A000136,3
A000137,5
A000138,5
A000139,50
A000140,7
A000141,51
A000142,52
A000143,4
A000144,3
A000145,53
A000146,0
A000147,1
A000148,8
A000149,8
A000150,0
A000151,1
A000152,7
A000153,9
A000154,54
A000155,0
A000156,55
A000157,56
A000158,6
A000159,4
A000160,3
A000161,9
A000162,2
A000163,3
A000164,57
A000165,4
A000166,58
A000167,1
A000168,5
A000169,1
A000170,10
A000171,59
A000172,0
A000173,1
A000174,7
A000175,6
A000176,60
A000177,1
A000178,3
A000179,61
A000180,9
A000181,0
A000182,62
A000183,6
A000184,63
A000185,0
A000186,4
A000187,2
A000188,2
A000189,64
A000190,9
A000191,65
A000192,66
A000193,67
A000194,2
A000195,5
A000196,68
A000197,4
A000198,69
A000199,70
A000200,71
A000201,72
A000202,5
A000203,2
A000204,4
A000205,10
A000206,10
A000207,6
A000208,73
A000209,2
A000210,74
A000211,0
A000212,9
A000213,1
A000214,75
A000215,1
A000216,76
A000217,9
A000218,10
A000219,77
A000220,0
A000221,3
A000222,7
A000223,8
A000224,3
A000225,6
A000226,78
A000227,4
A000228,3
A000229,11
A000230,79
A000231,80
A000232,0
A000233,4
A000234,81
A000235,7
A000236,9
A000237,0
A000238,0
A000239,82
A000240,1
A000241,9
A000242,0
A000243,9
A000244,8
A000245,6
A000246,4
A000247,4
A000248,83
A000249,2
A000250,84
A000251,9
A000252,2
A000253,1
A000254,3
A000255,2
A000256,85
A000257,2
A000258,4
A000259,86
A000260,11
A000261,8
A000262,10
A000263,87
A000264,9
A000265,6
A000266,0
A000267,6
A000268,0
A000269,6
A000270,5
A000271,4
A000272,1
A000273,11
A000274,4
A000275,88
A000276,89
A000277,1
A000278,3
A000279,3
A000280,11
A000281,1
A000282,10
A000283,90
A000284,2
A000285,1
A000286,9
A000287,1
A000288,91
A000289,92
A000290,1
A000291,7
A000292,6
A000293,2
A000294,5
A000295,10
A000296,5
A000297,7
A000298,7
A000299,0
A000300,5
A000301,5
A000302,4
A000303,93
A000304,94
A000305,8
A000306,6
A000307,95
A000308,1
A000309,96
A000310,97
A000311,7
A000312,98
A000313,99
A000314,100
A000315,1
A000316,101
A000317,8
A000318,102
A000319,4
A000320,11
A000321,103
A000322,0
A000323,104
A000324,3
A000325,2
A000326,1
A000327,105
A000328,3
A000329,106
A000330,107
A000331,3
A000332,5
A000333,5
A000334,7
A000335,1
A000336,108
A000337,8
A000338,3
A000339,109
A000340,0
A000341,110
A000342,10
A000343,9
A000344,111
A000345,8
A000346,112
A000347,9
A000348,1
A000349,6
A000350,3
A000351,1
A000352,10
A000353,4
A000354,113
A000355,7
A000356,3
A000357,10
A000358,4
A000359,3
A000360,1
A000361,114
A000362,0
A000363,115
A000364,3
A000365,10
A000366,1
A000367,9
A000368,11
A000369,116
A000370,117
A000371,3
A000372,5
A000373,1
A000374,8
A000375,4
A000376,1
A000377,3
A000378,4
A000379,5
A000380,0
A000381,3
A000382,2
A000383,7
A000384,2
A000385,6
A000386,118
A000387,3
A000388,119
A000389,6
A000390,2
A000391,0
A000392,5
A000393,0
A000394,0
A000395,1
A000396,8
A000397,10
A000398,6
A000399,6
A000400,4
A000401,2
A000402,120
A000403,7
A000404,6
A000405,121
A000406,122
A000407,7
A000408,1
A000409,1
A000410,1
A000411,4
A000412,5
A000413,123
A000414,1
A000415,124
A000416,5
A000417,125
A000418,3
A000419,11
A000420,126
A000421,2
A000422,0
A000423,5
A000424,4
A000425,2
A000426,5
A000427,127
A000428,128
A000429,129
A000430,4
A000431,130
A000432,0
A000433,131
A000434,0
A000435,8
A000436,4
A000437,132
A000438,11
A000439,133
A000440,2
A000441,10
A000442,0
A000443,9
A000444,8
A000445,7
A000446,4
A000447,4
A000448,6
A000449,134
A000450,10
A000451,8
A000452,135
A000453,2
A000454,9
A000455,11
A000456,136
A000457,0
A000458,137
A000459,138
A000460,9
A000461,3
A000462,8
A000463,6
A000464,139
A000465,3
A000466,10
A000467,0
A000468,6
A000469,140
A000470,5
A000471,9
A000472,0
A000473,10
A000474,5
A000475,6
A000476,141
A000477,9
A000478,142
A000479,1
A000480,8
A000481,0
A000482,4
A000483,143
A000484,0
A000485,0
A000486,144
A000487,1
A000488,145
A000489,10
A000490,2
A000491,146
A000492,0
A000493,2
A000494,8
A000495,147
A000496,5
A000497,4
A000498,2
A000499,148
A000500,10
A000501,7
A000502,9
A000503,6
A000504,0
A000505,2
A000506,5
A000507,5
A000508,7
A000509,10
A000510,5
A000511,5
A000512,149
A000513,5
A000514,9
A000515,150
A000516,11
A000517,151
A000518,7
A000519,9
A000520,2
A000521,5
A000522,2
A000523,152
A000524,8
A000525,4
A000526,0
A000527,6
A000528,153
A000529,3
A000530,6
A000531,6
A000532,3
A000533,154
A000534,155
A000535,156
A000536,2
A000537,1
A000538,5
A000539,157
A000540,158
A000541,5
A000542,4
A000543,3
A000544,1
A000545,4
A000546,7
A000547,1
A000548,9
A000549,159
A000550,0
A000551,1
A000552,160
A000553,161
A000554,2
A000555,3
A000556,2
A000557,10
A000558,0
A000559,4
A000560,4
A000561,5
A000562,162
A000563,163
A000564,2
A000565,164
A000566,0
A000567,8
A000568,165
A000569,1
A000570,4
A000571,2
A000572,3
A000573,166
A000574,7
A000575,8
A000576,8
A000577,5
A000578,167
A000579,2
A000580,1
A000581,2
A000582,168
A000583,2
A000584,3
A000585,3
A000586,169
A000587,8
A000588,170
A000589,5
A000590,171
A000591,7
A000592,2
A000593,172
A000594,1
A000595,173
A000596,174
A000597,3
A000598,175
A000599,8
A000600,10
A000601,6
A000602,5
A000603,176
A000604,177
A000605,178
A000606,9
A000607,3
A000608,4
A000609,8
A000610,0
A000611,10
A000612,179
A000613,1
A000614,2
A000615,180
A000616,4
A000617,11
A000618,181
A000619,2
A000620,182
A000621,5
A000622,11
A000623,2
A000624,183
A000625,3
A000626,11
A000627,184
A000628,185
A000629,186
A000630,10
A000631,187
A000632,0
A000633,5
A000634,11
A000635,2
A000636,188
A000637,7
A000638,10
A000639,3
A000640,189
A000641,9
A000642,0
A000643,2
A000644,1
A000645,190
A000646,9
A000647,6
A000648,191
A000649,2
A000650,7
A000651,0
A000652,192
A000653,193
A000654,7
A000655,7
A000656,194
A000657,4
A000658,1
A000659,195
A000660,7
A000661,11
A000662,196
A000663,2
A000664,0
A000665,3
A000666,10
A000667,197
A000668,198
A000669,199
A000670,4
A000671,11
A000672,200
A000673,0
A000674,10
A000675,201
A000676,8
A000677,202
A000678,8
A000679,203
A000680,2
A000681,3
A000682,6
A000683,1
A000684,5
A000685,4
A000686,7
A000687,2
A000688,3
A000689,204
A000690,205
A000691,1
A000692,0
A000693,8
A000694,10
A000695,10
A000696,1
A000697,5
A000698,3
A000699,206
A000700,4
A000701,1
A000702,6
A000703,0
A000704,207
A000705,4
A000706,7
A000707,9
A000708,1
A000709,208
A000710,209
A000711,5
A000712,0
A000713,210
A000714,211
A000715,4
A000716,6
A000717,212
A000718,5
A000719,10
A000720,8
A000721,2
A000722,9
A000723,3
A000724,213
A000725,4
A000726,3
A000727,4
A000728,8
A000729,5
A000730,9
A000731,214
A000732,215
A000733,216
A000734,217
A000735,9
A000736,1
A000737,6
A000738,5
A000739,6
A000740,3
A000741,2
A000742,2
A000743,9
A000744,218
A000745,1
A000746,7
A000747,219
A000748,7
A000749,7
A000750,220
A000751,0
A000752,3
A000753,221
A000754,5
A000755,6
A000756,0
A000757,9
A000758,222
A000759,2
A000760,6
A000761,8
A000762,6
A000763,223
A000764,0
A000765,1
A000766,10
A000767,7
A000768,0
A000769,224
A000770,1
A000771,225
A000772,226
A000773,1
A000774,1
A000775,4
A000776,10
A000777,2
A000778,9
A000779,4
A000780,1
A000781,1
A000782,227
A000783,8
A000784,228
A000785,6
A000786,229
A000787,4
A000788,5
A000789,5
A000790,1
A000791,3
A000792,6
A000793,1
A000794,6
A000795,1
A000796,230
A000797,231
A000798,10
A000799,232
A000800,13
A000801,13
A000802,13
A000803,13
A000804,13
A000805,13
A000806,13
A000807,13
A000808,12
A000809,12
A000810,12
A000811,12
A000812,12
A000813,12
A000814,12
A000815,12
A000816,12
A000817,12
A000818,12
A000819,12
A000820,12
A000821,12
A000822,12
A000823,12
A000824,12
A000825,12
A000826,12
A000827,12
A000828,14
A000829,14
A000830,14
A000831,14
A000832,14
A000833,14
A000834,15
A000835,15
A000836,15
A000837,15
A000838,15
A000839,233
A000840,234
A000841,235
A000842,236
A000843,237
A000844,238
A000845,239
A000846,240
A000847,241
A000848,242
A000849,243
A000850,244
A000851,245
A000852,246
A000853,247
A000854,248
A000855,249
A000856,250
A000857,251
A000858,252
A000859,253
A000860,254
A000861,255
A000862,256
A000863,257
A000864,258
A000865,259
A000866,260
A000867,261
A000868,262
A000869,263
A000870,264
A000871,265
A000872,266
A000873,267
A000874,268
A000875,269
A000876,270
A000877,271
A000878,272
A000879,273
A000880,274
A000881,275
A000882,276
A000883,277
A000884,278
A000885,279
A000886,280
A000887,281
A000888,282
A000889,283
A000890,284
A000891,285
A000892,286
A000893,287
A000894,288
A000895,289
A000896,290
A000897,291
A000898,292
A000899,293
A000900,13
A000901,13
A000902,13
A000903,13
A000904,294
A000905,16
A000906,16
A000907,16
A000908,16
A000909,16
A000910,295
A000911,296
A000912,17
A000913,17
A000914,17
A000915,17
A000916,17
A000917,297
A000918,298
A000919,299
A000920,300
A000921,301
A000922,302
A000923,303
A000924,304
A000925,305
A000926,306
A000927,307
A000928,308
A000929,309
A000930,310
A000931,311
A000932,312
A000933,313
A000934,314
A000935,315
A000936,316
A000937,317
A000938,318
A000939,319
A000940,320
A000941,321
A000942,322
A000943,323
A000944,324
A000945,325
A000946,326
A000947,327
A000948,328
A000949,329
A000950,330
A000951,331
A000952,332
A000953,333
A000954,334
A000955,335
A000956,336
A000957,337
A000958,338
A000959,339
A000960,340
A000961,341
A000962,342
A000963,343
A000964,344
A000965,345
A000966,346
A000967,347
A000968,348
A000969,349
A000970,350
A000971,351
A000972,352
A000973,353
A000974,354
A000975,355
A000976,356
A000977,357
A000978,358
A000979,359
A000980,360
A000981,361
A000982,362
A000983,363
A000984,364
A000985,365
A000986,366
A000987,367
A000988,368
A000989,369
A000990,370
A000991,371
A000992,372
A000993,373
A000994,374
A000995,375
A000996,376
A000997,377
A000998,378
A000999,379
